id,abbr,name,votes
28001,MS,Adams County,13836
28003,MS,Alcorn County,14783
28005,MS,Amite County,7050
28007,MS,Attala County,8256
28009,MS,Benton County,4022
28011,MS,Bolivar County,13824
28013,MS,Calhoun County,6396
28015,MS,Carroll County,5528
28017,MS,Chickasaw County,7890
28019,MS,Choctaw County,4065
28021,MS,Claiborne County,4272
28023,MS,Clarke County,7791
28025,MS,Clay County,10003
28027,MS,Coahoma County,8912
28029,MS,Copiah County,12982
28031,MS,Covington County,8811
28033,MS,DeSoto County,66155
28035,MS,Forrest County,28064
28037,MS,Franklin County,4290
28039,MS,George County,9891
28041,MS,Greene County,5369
28043,MS,Grenada County,10513
28045,MS,Hancock County,17637
28047,MS,Harrison County,63313
28049,MS,Hinds County,95077
28051,MS,Holmes County,8076
28053,MS,Humphreys County,4253
28055,MS,Issaquena County,699
28057,MS,Itawamba County,9737
28059,MS,Jackson County,49567
28061,MS,Jasper County,8475
28063,MS,Jefferson County,3860
28065,MS,Jefferson Davis County,6237
28067,MS,Jones County,28352
28069,MS,Kemper County,4639
28071,MS,Lafayette County,19643
28073,MS,Lamar County,24592
28075,MS,Lauderdale County,29506
28077,MS,Lawrence County,6364
28079,MS,Leake County,8449
28081,MS,Lee County,32913
28083,MS,Leflore County,11140
28085,MS,Lincoln County,15193
28087,MS,Lowndes County,25695
28089,MS,Madison County,50131
28091,MS,Marion County,11693
28093,MS,Marshall County,14839
28095,MS,Monroe County,15884
28097,MS,Montgomery County,4996
28099,MS,Neshoba County,10553
28101,MS,Newton County,9438
28103,MS,Noxubee County,5574
28105,MS,Oktibbeha County,18124
28107,MS,Panola County,15064
28109,MS,Pearl River County,21883
28111,MS,Perry County,5432
28113,MS,Pike County,16360
28115,MS,Pontotoc County,12984
28117,MS,Prentiss County,9872
28119,MS,Quitman County,3365
28121,MS,Rankin County,63110
28123,MS,Scott County,10522
28125,MS,Sharkey County,2190
28127,MS,Simpson County,11419
28129,MS,Smith County,7627
28131,MS,Stone County,7045
28133,MS,Sunflower County,9598
28135,MS,Tallahatchie County,5870
28137,MS,Tate County,11627
28139,MS,Tippah County,9260
28141,MS,Tishomingo County,8371
28143,MS,Tunica County,3567
28145,MS,Union County,11496
28147,MS,Walthall County,6919
28149,MS,Warren County,19416
28151,MS,Washington County,16825
28153,MS,Wayne County,9599
28155,MS,Webster County,5069
28157,MS,Wilkinson County,4218
28159,MS,Winston County,8881
28161,MS,Yalobusha County,6077
28163,MS,Yazoo County,10070
01001,AL,Autauga County,24973
01003,AL,Baldwin County,95215
01005,AL,Barbour County,10469
01007,AL,Bibb County,8819
01009,AL,Blount County,25588
01011,AL,Bullock County,4710
01013,AL,Butler County,8732
01015,AL,Calhoun County,47864
01017,AL,Chambers County,13900
01019,AL,Cherokee County,10733
01021,AL,Chilton County,18369
01023,AL,Choctaw County,7292
01025,AL,Clarke County,13031
01027,AL,Clay County,6624
01029,AL,Cleburne County,6593
01031,AL,Coffee County,20767
01033,AL,Colbert County,24915
01035,AL,Conecuh County,6585
01037,AL,Coosa County,5252
01039,AL,Covington County,15940
01041,AL,Crenshaw County,6267
01043,AL,Cullman County,37873
01045,AL,Dale County,18749
01047,AL,Dallas County,18792
01049,AL,DeKalb County,25826
01051,AL,Elmore County,37260
01053,AL,Escambia County,14845
01055,AL,Etowah County,44164
01057,AL,Fayette County,8249
01059,AL,Franklin County,12040
01061,AL,Geneva County,11758
01063,AL,Greene County,4880
01065,AL,Hale County,8040
01067,AL,Henry County,8072
01069,AL,Houston County,42639
01071,AL,Jackson County,20984
01073,AL,Jefferson County,304191
01075,AL,Lamar County,6966
01077,AL,Lauderdale County,39525
01079,AL,Lawrence County,14829
01081,AL,Lee County,59191
01083,AL,Limestone County,40294
01085,AL,Lowndes County,6684
01087,AL,Macon County,9140
01089,AL,Madison County,163389
01091,AL,Marengo County,10994
01093,AL,Marion County,12984
01095,AL,Marshall County,35316
01097,AL,Mobile County,172737
01099,AL,Monroe County,10271
01101,AL,Montgomery County,95878
01103,AL,Morgan County,50644
01105,AL,Perry County,5278
01107,AL,Pickens County,9542
01109,AL,Pike County,13168
01111,AL,Randolph County,10187
01113,AL,Russell County,19256
01115,AL,St. Clair County,38400
01117,AL,Shelby County,101254
01119,AL,Sumter County,6411
01121,AL,Talladega County,33407
01123,AL,Tallapoosa County,19486
01125,AL,Tuscaloosa County,82700
01127,AL,Walker County,29472
01129,AL,Washington County,8533
01131,AL,Wilcox County,6123
01133,AL,Winston County,10313
30001,MT,Beaverhead County,4849
30003,MT,Big Horn County,4237
30005,MT,Blaine County,2684
30007,MT,Broadwater County,3133
30009,MT,Carbon County,5991
30011,MT,Carter County,786
30013,MT,Cascade County,34571
30015,MT,Chouteau County,2603
30017,MT,Custer County,5185
30019,MT,Daniels County,962
30021,MT,Dawson County,4409
30023,MT,Deer Lodge County,4206
30025,MT,Fallon County,1484
30027,MT,Fergus County,5840
30029,MT,Flathead County,47496
30031,MT,Gallatin County,53819
30033,MT,Garfield County,718
30035,MT,Glacier County,5075
30037,MT,Golden Valley County,474
30039,MT,Granite County,1777
30041,MT,Hill County,6445
30043,MT,Jefferson County,6714
30045,MT,Judith Basin County,1208
30047,MT,Lake County,13181
30049,MT,Lewis and Clark County,35296
30051,MT,Liberty County,961
30053,MT,Lincoln County,9330
30055,MT,McCone County,1095
30057,MT,Madison County,4743
30059,MT,Meagher County,977
30061,MT,Mineral County,2012
30063,MT,Missoula County,60722
30065,MT,Musselshell County,2441
30067,MT,Park County,9359
30069,MT,Petroleum County,322
30071,MT,Phillips County,2171
30073,MT,Pondera County,2723
30075,MT,Powder River County,1053
30077,MT,Powell County,2794
30079,MT,Prairie County,689
30081,MT,Ravalli County,22556
30083,MT,Richland County,4871
30085,MT,Roosevelt County,3652
30087,MT,Rosebud County,3453
30089,MT,Sanders County,5953
30091,MT,Sheridan County,1835
30093,MT,Silver Bow County,16452
30095,MT,Stillwater County,4873
30097,MT,Sweet Grass County,2107
30099,MT,Teton County,3188
30101,MT,Toole County,2037
30103,MT,Treasure County,443
30105,MT,Valley County,3894
30107,MT,Wheatland County,946
30109,MT,Wibaux County,541
30111,MT,Yellowstone County,70486
05001,AR,Arkansas County,6212
05003,AR,Ashley County,8083
05005,AR,Baxter County,19766
05007,AR,Benton County,96824
05009,AR,Boone County,16111
05011,AR,Bradley County,3653
05013,AR,Calhoun County,2269
05015,AR,Carroll County,10758
05017,AR,Chicot County,4176
05019,AR,Clark County,8526
05021,AR,Clay County,5200
05023,AR,Cleburne County,12085
05025,AR,Cleveland County,3354
05027,AR,Columbia County,8887
05029,AR,Conway County,7927
05031,AR,Craighead County,35573
05033,AR,Crawford County,22450
05035,AR,Crittenden County,15952
05037,AR,Cross County,6874
05039,AR,Dallas County,2771
05041,AR,Desha County,4257
05043,AR,Drew County,6595
05045,AR,Faulkner County,47527
05047,AR,Franklin County,6770
05049,AR,Fulton County,4772
05051,AR,Garland County,40805
05053,AR,Grant County,7445
05055,AR,Greene County,14600
05057,AR,Hempstead County,7049
05059,AR,Hot Spring County,11944
05061,AR,Howard County,4674
05063,AR,Independence County,13614
05065,AR,Izard County,5448
05067,AR,Jackson County,5156
05069,AR,Jefferson County,25894
05071,AR,Johnson County,9112
05073,AR,Lafayette County,2860
05075,AR,Lawrence County,5685
05077,AR,Lee County,3026
05079,AR,Lincoln County,3826
05081,AR,Little River County,5227
05083,AR,Logan County,7921
05085,AR,Lonoke County,27100
05087,AR,Madison County,6841
05089,AR,Marion County,7107
05091,AR,Miller County,16091
05093,AR,Mississippi County,13204
05095,AR,Monroe County,2884
05097,AR,Montgomery County,3559
05099,AR,Nevada County,3246
05101,AR,Newton County,3753
05103,AR,Ouachita County,9935
05105,AR,Perry County,4306
05107,AR,Phillips County,6953
05109,AR,Pike County,3981
05111,AR,Poinsett County,7722
05113,AR,Polk County,8231
05115,AR,Pope County,22569
05117,AR,Prairie County,3444
05119,AR,Pulaski County,159776
05121,AR,Randolph County,6379
05123,AR,St. Francis County,7430
05125,AR,Saline County,52100
05127,AR,Scott County,3510
05129,AR,Searcy County,3728
05131,AR,Sebastian County,44637
05133,AR,Sevier County,4562
05135,AR,Sharp County,7249
05137,AR,Stone County,5577
05139,AR,Union County,16894
05141,AR,Van Buren County,7339
05143,AR,Washington County,81861
05145,AR,White County,27999
05147,AR,Woodruff County,2571
05149,AR,Yell County,6439
37001,NC,Alamance County,71157
37003,NC,Alexander County,18271
37005,NC,Alleghany County,5315
37007,NC,Anson County,10545
37009,NC,Ashe County,13424
37011,NC,Avery County,8249
37013,NC,Beaufort County,23938
37015,NC,Bertie County,9347
37017,NC,Bladen County,15897
37019,NC,Brunswick County,68351
37021,NC,Buncombe County,138947
37023,NC,Burke County,38920
37025,NC,Cabarrus County,93289
37027,NC,Caldwell County,36320
37029,NC,Camden County,5006
37031,NC,Carteret County,37781
37033,NC,Caswell County,11070
37035,NC,Catawba County,72351
37037,NC,Chatham County,39849
37039,NC,Cherokee County,14181
37041,NC,Chowan County,7228
37043,NC,Clay County,6010
37045,NC,Cleveland County,44673
37047,NC,Columbus County,23732
37049,NC,Craven County,47001
37051,NC,Cumberland County,127506
37053,NC,Currituck County,12669
37055,NC,Dare County,19609
37057,NC,Davidson County,74856
37059,NC,Davie County,21756
37061,NC,Duplin County,20856
37063,NC,Durham County,156134
37065,NC,Edgecombe County,24886
37067,NC,Forsyth County,178312
37069,NC,Franklin County,30368
37071,NC,Gaston County,96431
37073,NC,Gates County,5392
37075,NC,Graham County,4168
37077,NC,Granville County,27353
37079,NC,Greene County,8095
37081,NC,Guilford County,257405
37083,NC,Halifax County,25167
37085,NC,Harnett County,46065
37087,NC,Haywood County,30727
37089,NC,Henderson County,58176
37091,NC,Hertford County,10186
37093,NC,Hoke County,18230
37095,NC,Hyde County,2304
37097,NC,Iredell County,82567
37099,NC,Jackson County,18713
37101,NC,Johnston County,85909
37103,NC,Jones County,5135
37105,NC,Lee County,25084
37107,NC,Lenoir County,26807
37109,NC,Lincoln County,40023
37111,NC,McDowell County,19875
37113,NC,Macon County,17734
37115,NC,Madison County,11269
37117,NC,Martin County,11964
37119,NC,Mecklenburg County,472857
37121,NC,Mitchell County,8096
37123,NC,Montgomery County,11540
37125,NC,Moore County,48692
37127,NC,Nash County,47665
37129,NC,New Hanover County,111905
37131,NC,Northampton County,9848
37133,NC,Onslow County,57135
37135,NC,Orange County,82340
37137,NC,Pamlico County,6870
37139,NC,Pasquotank County,17391
37141,NC,Pender County,27885
37143,NC,Perquimans County,6708
37145,NC,Person County,19615
37147,NC,Pitt County,80527
37149,NC,Polk County,10934
37151,NC,Randolph County,64575
37153,NC,Richmond County,19328
37155,NC,Robeson County,40858
37157,NC,Rockingham County,42278
37159,NC,Rowan County,64369
37161,NC,Rutherford County,30307
37163,NC,Sampson County,25928
37165,NC,Scotland County,13928
37167,NC,Stanly County,29917
37169,NC,Stokes County,22550
37171,NC,Surry County,32196
37173,NC,Swain County,6124
37175,NC,Transylvania County,17869
37177,NC,Tyrrell County,1739
37179,NC,Union County,105710
37181,NC,Vance County,19977
37183,NC,Wake County,527624
37185,NC,Warren County,9842
37187,NC,Washington County,6165
37189,NC,Watauga County,29985
37191,NC,Wayne County,50689
37193,NC,Wilkes County,31296
37195,NC,Wilson County,38135
37197,NC,Yadkin County,17624
37199,NC,Yancey County,9960
38001,ND,Adams County,1218
38003,ND,Barnes County,5344
38005,ND,Benson County,2011
38007,ND,Billings County,605
38009,ND,Bottineau County,3494
38011,ND,Bowman County,1787
38013,ND,Burke County,1052
38015,ND,Burleigh County,47979
38017,ND,Cass County,80821
38019,ND,Cavalier County,2006
38021,ND,Dickey County,2407
38023,ND,Divide County,1219
38025,ND,Dunn County,2243
38027,ND,Eddy County,1231
38029,ND,Emmons County,1981
38031,ND,Foster County,1719
38033,ND,Golden Valley County,957
38035,ND,Grand Forks County,30365
38037,ND,Grant County,1381
38039,ND,Griggs County,1265
38041,ND,Hettinger County,1296
38043,ND,Kidder County,1376
38045,ND,LaMoure County,2151
38047,ND,Logan County,1067
38049,ND,McHenry County,2820
38051,ND,McIntosh County,1446
38053,ND,McKenzie County,4672
38055,ND,McLean County,5315
38057,ND,Mercer County,4682
38059,ND,Morton County,15832
38061,ND,Mountrail County,4106
38063,ND,Nelson County,1717
38065,ND,Oliver County,1017
38067,ND,Pembina County,3153
38069,ND,Pierce County,2071
38071,ND,Ramsey County,5305
38073,ND,Ransom County,2359
38075,ND,Renville County,1293
38077,ND,Richland County,7592
38079,ND,Rolette County,3755
38081,ND,Sargent County,1997
38083,ND,Sheridan County,787
38085,ND,Sioux County,1232
38087,ND,Slope County,430
38089,ND,Stark County,12322
38091,ND,Steele County,999
38093,ND,Stutsman County,10155
38095,ND,Towner County,1157
38097,ND,Traill County,3933
38099,ND,Walsh County,4636
38101,ND,Ward County,27412
38103,ND,Wells County,2383
38105,ND,Williams County,12807
04001,AZ,Apache County,27661
04003,AZ,Cochise County,50015
04005,AZ,Coconino County,59784
04007,AZ,Gila County,22515
04009,AZ,Graham County,12281
04011,AZ,Greenlee County,3300
04012,AZ,La Paz County,5951
04013,AZ,Maricopa County,1567834
04015,AZ,Mohave County,79943
04017,AZ,Navajo County,40294
04019,AZ,Pima County,421640
04021,AZ,Pinal County,129546
04023,AZ,Santa Cruz County,16433
04025,AZ,Yavapai County,114450
04027,AZ,Yuma County,53010
31001,NE,Adams County,13513
31003,NE,Antelope County,3281
31005,NE,Arthur County,273
31007,NE,Banner County,402
31009,NE,Blaine County,317
31011,NE,Boone County,2905
31013,NE,Box Butte County,4924
31015,NE,Boyd County,1156
31017,NE,Brown County,1597
31019,NE,Buffalo County,21129
31021,NE,Burt County,3558
31023,NE,Butler County,3981
31025,NE,Cass County,12933
31027,NE,Cedar County,4420
31029,NE,Chase County,1898
31031,NE,Cherry County,3118
31033,NE,Cheyenne County,4711
31035,NE,Clay County,3065
31037,NE,Colfax County,3214
31039,NE,Cuming County,4074
31041,NE,Custer County,5652
31043,NE,Dakota County,6279
31045,NE,Dawes County,3676
31047,NE,Dawson County,8635
31049,NE,Deuel County,984
31051,NE,Dixon County,2782
31053,NE,Dodge County,15529
31055,NE,Douglas County,240433
31057,NE,Dundy County,953
31059,NE,Fillmore County,2941
31061,NE,Franklin County,1673
31063,NE,Frontier County,1328
31065,NE,Furnas County,2340
31067,NE,Gage County,10048
31069,NE,Garden County,1075
31071,NE,Garfield County,980
31073,NE,Gosper County,1010
31075,NE,Grant County,405
31077,NE,Greeley County,1175
31079,NE,Hall County,22060
31081,NE,Hamilton County,5004
31083,NE,Harlan County,1832
31085,NE,Hayes County,514
31087,NE,Hitchcock County,1468
31089,NE,Holt County,5118
31091,NE,Hooker County,417
31093,NE,Howard County,2994
31095,NE,Jefferson County,3494
31097,NE,Johnson County,2089
31099,NE,Kearney County,3296
31101,NE,Keith County,4034
31103,NE,Keya Paha County,519
31105,NE,Kimball County,1677
31107,NE,Knox County,4115
31109,NE,Lancaster County,136223
31111,NE,Lincoln County,16131
31113,NE,Logan County,453
31115,NE,Loup County,385
31117,NE,McPherson County,287
31119,NE,Madison County,14343
31121,NE,Merrick County,3788
31123,NE,Morrill County,2209
31125,NE,Nance County,1621
31127,NE,Nemaha County,3161
31129,NE,Nuckolls County,2205
31131,NE,Otoe County,7457
31133,NE,Pawnee County,1327
31135,NE,Perkins County,1455
31137,NE,Phelps County,4695
31139,NE,Pierce County,3630
31141,NE,Platte County,14433
31143,NE,Polk County,2582
31145,NE,Red Willow County,5170
31147,NE,Richardson County,3805
31149,NE,Rock County,798
31151,NE,Saline County,5136
31153,NE,Sarpy County,80580
31155,NE,Saunders County,10860
31157,NE,Scotts Bluff County,14317
31159,NE,Seward County,7922
31161,NE,Sheridan County,2608
31163,NE,Sherman County,1573
31165,NE,Sioux County,736
31167,NE,Stanton County,2801
31169,NE,Thayer County,2690
31171,NE,Thomas County,393
31173,NE,Thurston County,2088
31175,NE,Valley County,2205
31177,NE,Washington County,10832
31179,NE,Wayne County,3776
31181,NE,Webster County,1708
31183,NE,Wheeler County,465
31185,NE,York County,6381
06001,CA,Alameda County,659543
06003,CA,Alpine County,602
06005,CA,Amador County,17963
06007,CA,Butte County,97002
06009,CA,Calaveras County,23531
06011,CA,Colusa County,6697
06013,CA,Contra Costa County,473014
06015,CA,Del Norte County,9558
06017,CA,El Dorado County,95149
06019,CA,Fresno County,287062
06021,CA,Glenn County,9470
06023,CA,Humboldt County,60014
06025,CA,Imperial County,48091
06027,CA,Inyo County,8179
06029,CA,Kern County,244163
06031,CA,Kings County,34310
06033,CA,Lake County,24684
06035,CA,Lassen County,10699
06037,CA,Los Angeles County,3434308
06039,CA,Madera County,43507
06041,CA,Marin County,140683
06043,CA,Mariposa County,8877
06045,CA,Mendocino County,37915
06047,CA,Merced County,70789
06049,CA,Modoc County,3843
06051,CA,Mono County,5281
06053,CA,Monterey County,133408
06055,CA,Napa County,61372
06057,CA,Nevada County,54935
06059,CA,Orange County,1197521
06061,CA,Placer County,186024
06063,CA,Plumas County,9850
06065,CA,Riverside County,751391
06067,CA,Sacramento County,562285
06069,CA,San Benito County,22122
06071,CA,San Bernardino County,653983
06073,CA,San Diego County,1306400
06075,CA,San Francisco County,408541
06077,CA,San Joaquin County,227002
06079,CA,San Luis Obispo County,137202
06081,CA,San Mateo County,314384
06083,CA,Santa Barbara County,178878
06085,CA,Santa Clara County,703709
06087,CA,Santa Cruz County,130012
06089,CA,Shasta County,81024
06091,CA,Sierra County,1858
06093,CA,Siskiyou County,20493
06095,CA,Solano County,168150
06097,CA,Sonoma County,233303
06099,CA,Stanislaus County,174406
06101,CA,Sutter County,33824
06103,CA,Tehama County,23908
06105,CA,Trinity County,5784
06107,CA,Tulare County,114102
06109,CA,Tuolumne County,25893
06111,CA,Ventura County,356107
06113,CA,Yolo County,82090
06115,CA,Yuba County,22998
33001,NH,Belknap County,35045
33003,NH,Carroll County,29616
33005,NH,Cheshire County,41895
33007,NH,Coos County,15627
33009,NH,Grafton County,51191
33011,NH,Hillsborough County,214157
33013,NH,Merrimack County,83648
33015,NH,Rockingham County,181434
33017,NH,Strafford County,69000
33019,NH,Sullivan County,22683
08001,CO,Adams County,193677
08003,CO,Alamosa County,6939
08005,CO,Arapahoe County,303048
08007,CO,Archuleta County,7339
08009,CO,Baca County,2153
08011,CO,Bent County,1927
08013,CO,Boulder County,188145
08014,CO,Broomfield County,37690
08015,CO,Chaffee County,11250
08017,CO,Cheyenne County,1102
08019,CO,Clear Creek County,5866
08021,CO,Conejos County,4022
08023,CO,Costilla County,1848
08025,CO,Crowley County,1527
08027,CO,Custer County,3066
08029,CO,Delta County,16790
08031,CO,Denver County,331852
08033,CO,Dolores County,1255
08035,CO,Douglas County,187500
08037,CO,Eagle County,25223
08039,CO,Elbert County,15980
08041,CO,El Paso County,318968
08043,CO,Fremont County,21973
08045,CO,Garfield County,26470
08047,CO,Gilpin County,3576
08049,CO,Grand County,8588
08051,CO,Gunnison County,9412
08053,CO,Hinsdale County,589
08055,CO,Huerfano County,3783
08057,CO,Jackson County,861
08059,CO,Jefferson County,328883
08061,CO,Kiowa County,855
08063,CO,Kit Carson County,3702
08065,CO,Lake County,3199
08067,CO,La Plata County,31150
08069,CO,Larimer County,195981
08071,CO,Las Animas County,6793
08073,CO,Lincoln County,2436
08075,CO,Logan County,9722
08077,CO,Mesa County,77654
08079,CO,Mineral County,652
08081,CO,Moffat County,6525
08083,CO,Montezuma County,12858
08085,CO,Montrose County,21186
08087,CO,Morgan County,11960
08089,CO,Otero County,8452
08091,CO,Ouray County,3310
08093,CO,Park County,10417
08095,CO,Phillips County,2332
08097,CO,Pitkin County,10523
08099,CO,Prowers County,5016
08101,CO,Pueblo County,78646
08103,CO,Rio Blanco County,3450
08105,CO,Rio Grande County,5534
08107,CO,Routt County,13986
08109,CO,Saguache County,2835
08111,CO,San Juan County,506
08113,CO,San Miguel County,4329
08115,CO,Sedgwick County,1364
08117,CO,Summit County,16174
08119,CO,Teller County,14444
08121,CO,Washington County,2733
08123,CO,Weld County,135430
08125,CO,Yuma County,4791
34001,NJ,Atlantic County,118041
34003,NJ,Bergen County,422213
34005,NJ,Burlington County,221283
34007,NJ,Camden County,229047
34009,NJ,Cape May County,49257
34011,NJ,Cumberland County,54331
34013,NJ,Essex County,312884
34015,NJ,Gloucester County,141254
34017,NJ,Hudson County,220542
34019,NJ,Hunterdon County,71660
34021,NJ,Mercer County,158058
34023,NJ,Middlesex County,328557
34025,NJ,Monmouth County,317750
34027,NJ,Morris County,253537
34029,NJ,Ocean County,276725
34031,NJ,Passaic County,196228
34033,NJ,Salem County,29853
34035,NJ,Somerset County,157092
34037,NJ,Sussex County,75158
34039,NJ,Union County,223570
34041,NJ,Warren County,49683
09001,CT,Fairfield County,421209
09003,CT,Hartford County,406864
09005,CT,Litchfield County,97442
09007,CT,Middlesex County,88624
09009,CT,New Haven County,379006
09011,CT,New London County,123528
09013,CT,Tolland County,77424
09015,CT,Windham County,50823
35001,NM,Bernalillo County,274662
35003,NM,Catron County,2049
35005,NM,Chaves County,20271
35006,NM,Cibola County,8063
35007,NM,Colfax County,5332
35009,NM,Curry County,13370
35011,NM,De Baca County,910
35013,NM,Dona Ana County,70648
35015,NM,Eddy County,19667
35017,NM,Grant County,12811
35019,NM,Guadalupe County,1827
35021,NM,Harding County,527
35023,NM,Hidalgo County,1872
35025,NM,Lea County,17712
35027,NM,Lincoln County,8902
35028,NM,Los Alamos County,10885
35029,NM,Luna County,7295
35031,NM,McKinley County,21703
35033,NM,Mora County,2441
35035,NM,Otero County,20060
35037,NM,Quay County,3572
35039,NM,Rio Arriba County,14878
35041,NM,Roosevelt County,5950
35043,NM,Sandoval County,61690
35045,NM,San Juan County,46110
35047,NM,San Miguel County,10751
35049,NM,Santa Fe County,71434
35051,NM,Sierra County,5181
35053,NM,Socorro County,6868
35055,NM,Taos County,15260
35057,NM,Torrance County,6324
35059,NM,Union County,1702
35061,NM,Valencia County,27592
11001,DC,District of Columbia County,311268
32001,NV,Churchill County,10938
32003,NV,Clark County,767156
32005,NV,Douglas County,27885
32007,NV,Elko County,18559
32009,NV,Esmeralda County,423
32011,NV,Eureka County,854
32013,NV,Humboldt County,6433
32015,NV,Lander County,2413
32017,NV,Lincoln County,2132
32019,NV,Lyon County,23762
32021,NV,Mineral County,1997
32023,NV,Nye County,19595
32027,NV,Pershing County,1982
32029,NV,Storey County,2558
32031,NV,Washoe County,209909
32033,NV,White Pine County,3773
32510,NV,Carson City County,25016
10001,DE,Kent County,74729
10003,DE,New Castle County,262979
10005,DE,Sussex County,106106
36001,NY,Albany County,139818
36003,NY,Allegany County,18692
36005,NY,Bronx County,399522
36007,NY,Broome County,86072
36009,NY,Cattaraugus County,31161
36011,NY,Cayuga County,33172
36013,NY,Chautauqua County,54234
36015,NY,Chemung County,36119
36017,NY,Chenango County,20160
36019,NY,Clinton County,32105
36021,NY,Columbia County,30902
36023,NY,Cortland County,20244
36025,NY,Delaware County,19792
36027,NY,Dutchess County,131018
36029,NY,Erie County,423625
36031,NY,Essex County,17218
36033,NY,Franklin County,16952
36035,NY,Fulton County,21214
36037,NY,Genesee County,26432
36039,NY,Greene County,22050
36041,NY,Hamilton County,3225
36043,NY,Herkimer County,26255
36045,NY,Jefferson County,38236
36047,NY,Kings County,805605
36049,NY,Lewis County,11325
36051,NY,Livingston County,30031
36053,NY,Madison County,30064
36055,NY,Monroe County,347790
36057,NY,Montgomery County,19054
36059,NY,Nassau County,647122
36061,NY,New York County,668940
36063,NY,Niagara County,92402
36065,NY,Oneida County,91009
36067,NY,Onondaga County,208440
36069,NY,Ontario County,52527
36071,NY,Orange County,152021
36073,NY,Orleans County,16380
36075,NY,Oswego County,48180
36077,NY,Otsego County,25668
36079,NY,Putnam County,48563
36081,NY,Queens County,686393
36083,NY,Rensselaer County,71562
36085,NY,Richmond County,180960
36087,NY,Rockland County,135087
36089,NY,St. Lawrence County,39158
36091,NY,Saratoga County,114094
36093,NY,Schenectady County,67280
36095,NY,Schoharie County,14050
36097,NY,Schuyler County,8772
36099,NY,Seneca County,13980
36101,NY,Steuben County,42002
36103,NY,Suffolk County,681254
36105,NY,Sullivan County,29955
36107,NY,Tioga County,22299
36109,NY,Tompkins County,42678
36111,NY,Ulster County,85290
36113,NY,Warren County,31408
36115,NY,Washington County,24528
36117,NY,Wayne County,39687
36119,NY,Westchester County,420655
36121,NY,Wyoming County,17298
36123,NY,Yates County,10066
12001,FL,Alachua County,130100
12003,FL,Baker County,12705
12005,FL,Bay County,88222
12007,FL,Bradford County,12158
12009,FL,Brevard County,318141
12011,FL,Broward County,837388
12013,FL,Calhoun County,6128
12015,FL,Charlotte County,97187
12017,FL,Citrus County,80412
12019,FL,Clay County,107317
12021,FL,Collier County,172510
12023,FL,Columbia County,28864
12027,FL,DeSoto County,10903
12029,FL,Dixie County,7246
12031,FL,Duval County,436573
12033,FL,Escambia County,154172
12035,FL,Flagler County,57987
12037,FL,Franklin County,6059
12039,FL,Gadsden County,22214
12041,FL,Gilchrist County,8472
12043,FL,Glades County,4382
12045,FL,Gulf County,7331
12047,FL,Hamilton County,5491
12049,FL,Hardee County,7645
12051,FL,Hendry County,11182
12053,FL,Hernando County,94651
12055,FL,Highlands County,46011
12057,FL,Hillsborough County,603890
12059,FL,Holmes County,8556
12061,FL,Indian River County,80769
12063,FL,Jackson County,21159
12065,FL,Jefferson County,7689
12067,FL,Lafayette County,3411
12069,FL,Lake County,171799
12071,FL,Lee County,329554
12073,FL,Leon County,153881
12075,FL,Levy County,19499
12077,FL,Liberty County,3312
12079,FL,Madison County,8540
12081,FL,Manatee County,180757
12083,FL,Marion County,175900
12085,FL,Martin County,86633
12086,FL,Miami-Dade County,987191
12087,FL,Monroe County,42977
12089,FL,Nassau County,46992
12091,FL,Okaloosa County,102096
12093,FL,Okeechobee County,13761
12095,FL,Orange County,551902
12097,FL,Osceola County,141468
12099,FL,Palm Beach County,666212
12101,FL,Pasco County,243265
12103,FL,Pinellas County,497485
12105,FL,Polk County,286969
12107,FL,Putnam County,33301
12109,FL,St. Johns County,137846
12111,FL,St. Lucie County,141993
12113,FL,Santa Rosa County,88684
12115,FL,Sarasota County,231353
12117,FL,Seminole County,227526
12119,FL,Sumter County,77238
12121,FL,Suwannee County,18787
12123,FL,Taylor County,9348
12125,FL,Union County,5722
12127,FL,Volusia County,263278
12129,FL,Wakulla County,15444
12131,FL,Walton County,33898
12133,FL,Washington County,11211
39001,OH,Adams County,11412
39003,OH,Allen County,46234
39005,OH,Ashland County,24737
39007,OH,Ashtabula County,41180
39009,OH,Athens County,29709
39011,OH,Auglaize County,23794
39013,OH,Belmont County,31331
39015,OH,Brown County,19682
39017,OH,Butler County,174994
39019,OH,Carroll County,13148
39021,OH,Champaign County,18243
39023,OH,Clark County,61893
39025,OH,Clermont County,99972
39027,OH,Clinton County,18766
39029,OH,Columbiana County,46492
39031,OH,Coshocton County,15659
39033,OH,Crawford County,19329
39035,OH,Cuyahoga County,608879
39037,OH,Darke County,25601
39039,OH,Defiance County,18349
39041,OH,Delaware County,105639
39043,OH,Erie County,37862
39045,OH,Fairfield County,73554
39047,OH,Fayette County,11232
39049,OH,Franklin County,587524
39051,OH,Fulton County,21353
39053,OH,Gallia County,13004
39055,OH,Geauga County,50662
39057,OH,Greene County,82937
39059,OH,Guernsey County,16647
39061,OH,Hamilton County,409109
39063,OH,Hancock County,36234
39065,OH,Hardin County,12354
39067,OH,Harrison County,7105
39069,OH,Henry County,14053
39071,OH,Highland County,18588
39073,OH,Hocking County,12929
39075,OH,Holmes County,11106
39077,OH,Huron County,25002
39079,OH,Jackson County,13776
39081,OH,Jefferson County,32411
39083,OH,Knox County,28927
39085,OH,Lake County,117190
39087,OH,Lawrence County,26789
39089,OH,Licking County,83624
39091,OH,Logan County,21712
39093,OH,Lorain County,140562
39095,OH,Lucas County,198830
39097,OH,Madison County,17421
39099,OH,Mahoning County,115971
39101,OH,Marion County,26478
39103,OH,Medina County,92163
39105,OH,Meigs County,10041
39107,OH,Mercer County,21816
39109,OH,Miami County,53094
39111,OH,Monroe County,6853
39113,OH,Montgomery County,259876
39115,OH,Morgan County,6477
39117,OH,Morrow County,16688
39119,OH,Muskingum County,37245
39121,OH,Noble County,6039
39123,OH,Ottawa County,22385
39125,OH,Paulding County,9095
39127,OH,Perry County,15101
39129,OH,Pickaway County,24912
39131,OH,Pike County,11951
39133,OH,Portage County,76762
39135,OH,Preble County,20681
39137,OH,Putnam County,18857
39139,OH,Richland County,55424
39141,OH,Ross County,30565
39143,OH,Sandusky County,28285
39145,OH,Scioto County,31003
39147,OH,Seneca County,24183
39149,OH,Shelby County,23829
39151,OH,Stark County,176165
39153,OH,Summit County,260346
39155,OH,Trumbull County,96676
39157,OH,Tuscarawas County,41606
39159,OH,Union County,27695
39161,OH,Van Wert County,13770
39163,OH,Vinton County,5540
39165,OH,Warren County,118309
39167,OH,Washington County,30137
39169,OH,Wayne County,50217
39171,OH,Williams County,17308
39173,OH,Wood County,64826
39175,OH,Wyandot County,10638
13001,GA,Appling County,7012
13003,GA,Atkinson County,2610
13005,GA,Bacon County,4020
13007,GA,Baker County,1440
13009,GA,Baldwin County,16116
13011,GA,Banks County,6975
13013,GA,Barrow County,29061
13015,GA,Bartow County,39733
13017,GA,Ben Hill County,5936
13019,GA,Berrien County,6590
13021,GA,Bibb County,62596
13023,GA,Bleckley County,4974
13025,GA,Brantley County,6301
13027,GA,Brooks County,6336
13029,GA,Bryan County,15173
13031,GA,Bulloch County,25316
13033,GA,Burke County,9351
13035,GA,Butts County,9514
13037,GA,Calhoun County,2025
13039,GA,Camden County,19069
13043,GA,Candler County,3763
13045,GA,Carroll County,44459
13047,GA,Catoosa County,26940
13049,GA,Charlton County,4016
13051,GA,Chatham County,113051
13053,GA,Chattahoochee County,1390
13055,GA,Chattooga County,8252
13057,GA,Cherokee County,112784
13059,GA,Clarke County,45476
13061,GA,Clay County,1273
13063,GA,Clayton County,93580
13065,GA,Clinch County,2455
13067,GA,Cobb County,334058
13069,GA,Coffee County,13915
13071,GA,Colquitt County,13624
13073,GA,Columbia County,65207
13075,GA,Cook County,6057
13077,GA,Coweta County,62210
13079,GA,Crawford County,5176
13081,GA,Crisp County,7512
13083,GA,Dade County,6242
13085,GA,Dawson County,11820
13087,GA,Decatur County,10286
13089,GA,DeKalb County,317849
13091,GA,Dodge County,7009
13093,GA,Dooly County,3859
13095,GA,Dougherty County,34087
13097,GA,Douglas County,57738
13099,GA,Early County,4785
13101,GA,Echols County,1182
13103,GA,Effingham County,23458
13105,GA,Elbert County,7987
13107,GA,Emanuel County,7860
13109,GA,Evans County,3613
13111,GA,Fannin County,11876
13113,GA,Fayette County,61511
13115,GA,Floyd County,34860
13117,GA,Forsyth County,98964
13119,GA,Franklin County,8550
13121,GA,Fulton County,438751
13123,GA,Gilmer County,12773
13125,GA,Glascock County,1390
13127,GA,Glynn County,34437
13129,GA,Gordon County,19062
13131,GA,Grady County,9213
13133,GA,Greene County,8852
13135,GA,Gwinnett County,330950
13137,GA,Habersham County,16333
13139,GA,Hall County,71142
13141,GA,Hancock County,3580
13143,GA,Haralson County,11357
13145,GA,Harris County,16502
13147,GA,Hart County,10117
13149,GA,Heard County,4223
13151,GA,Henry County,99367
13153,GA,Houston County,60079
13155,GA,Irwin County,3670
13157,GA,Jackson County,27421
13159,GA,Jasper County,6045
13161,GA,Jeff Davis County,5096
13163,GA,Jefferson County,6968
13165,GA,Jenkins County,3056
13167,GA,Johnson County,3686
13169,GA,Jones County,12551
13171,GA,Lamar County,7612
13173,GA,Lanier County,2871
13175,GA,Laurens County,19530
13177,GA,Lee County,14143
13179,GA,Liberty County,16143
13181,GA,Lincoln County,4102
13183,GA,Long County,4117
13185,GA,Lowndes County,37805
13187,GA,Lumpkin County,12517
13189,GA,McDuffie County,9268
13191,GA,McIntosh County,5903
13193,GA,Macon County,4287
13195,GA,Madison County,12081
13197,GA,Marion County,3190
13199,GA,Meriwether County,9217
13201,GA,Miller County,2544
13205,GA,Mitchell County,7880
13207,GA,Monroe County,12687
13209,GA,Montgomery County,3576
13211,GA,Morgan County,9475
13213,GA,Murray County,12458
13215,GA,Muscogee County,69525
13217,GA,Newton County,44238
13219,GA,Oconee County,20149
13221,GA,Oglethorpe County,6674
13223,GA,Paulding County,65480
13225,GA,Peach County,10752
13227,GA,Pickens County,14058
13229,GA,Pierce County,7311
13231,GA,Pike County,8725
13233,GA,Polk County,14215
13235,GA,Pulaski County,3605
13237,GA,Putnam County,9488
13239,GA,Quitman County,1044
13241,GA,Rabun County,7992
13243,GA,Randolph County,2899
13245,GA,Richmond County,76025
13247,GA,Rockdale County,38087
13249,GA,Schley County,1909
13251,GA,Screven County,5715
13253,GA,Seminole County,3588
13255,GA,Spalding County,25704
13257,GA,Stephens County,9815
13259,GA,Stewart County,2058
13261,GA,Sumter County,10974
13263,GA,Talbot County,3246
13265,GA,Taliaferro County,897
13267,GA,Tattnall County,6903
13269,GA,Taylor County,3408
13271,GA,Telfair County,3796
13273,GA,Terrell County,4189
13275,GA,Thomas County,18802
13277,GA,Tift County,14219
13279,GA,Toombs County,9138
13281,GA,Towns County,6764
13283,GA,Treutlen County,2703
13285,GA,Troup County,26111
13287,GA,Turner County,3398
13289,GA,Twiggs County,4059
13291,GA,Union County,12063
13293,GA,Upson County,10934
13295,GA,Walker County,23956
13297,GA,Walton County,40698
13299,GA,Ware County,12184
13301,GA,Warren County,2334
13303,GA,Washington County,8461
13305,GA,Wayne County,10413
13307,GA,Webster County,1116
13309,GA,Wheeler County,2102
13311,GA,White County,11912
13313,GA,Whitfield County,30658
13315,GA,Wilcox County,2976
13317,GA,Wilkes County,4486
13319,GA,Wilkinson County,4287
13321,GA,Worth County,8295
40001,OK,Adair County,6513
40003,OK,Alfalfa County,2258
40005,OK,Atoka County,5018
40007,OK,Beaver County,2243
40009,OK,Beckham County,7552
40011,OK,Blaine County,3793
40013,OK,Bryan County,13818
40015,OK,Caddo County,9348
40017,OK,Canadian County,55278
40019,OK,Carter County,18534
40021,OK,Cherokee County,16490
40023,OK,Choctaw County,5426
40025,OK,Cimarron County,1079
40027,OK,Cleveland County,109450
40029,OK,Coal County,2399
40031,OK,Comanche County,32564
40033,OK,Cotton County,2602
40035,OK,Craig County,5785
40037,OK,Creek County,28830
40039,OK,Custer County,10541
40041,OK,Delaware County,15716
40043,OK,Dewey County,2248
40045,OK,Ellis County,1827
40047,OK,Garfield County,21710
40049,OK,Garvin County,10546
40051,OK,Grady County,22286
40053,OK,Grant County,2201
40055,OK,Greer County,1896
40057,OK,Harmon County,977
40059,OK,Harper County,1499
40061,OK,Haskell County,4738
40063,OK,Hughes County,4526
40065,OK,Jackson County,7806
40067,OK,Jefferson County,2350
40069,OK,Johnston County,4018
40071,OK,Kay County,16803
40073,OK,Kingfisher County,6131
40075,OK,Kiowa County,3493
40077,OK,Latimer County,4056
40079,OK,Le Flore County,17221
40081,OK,Lincoln County,14025
40083,OK,Logan County,18979
40085,OK,Love County,3789
40087,OK,McClain County,16858
40089,OK,McCurtain County,10726
40091,OK,McIntosh County,7963
40093,OK,Major County,3407
40095,OK,Marshall County,5492
40097,OK,Mayes County,15717
40099,OK,Murray County,5528
40101,OK,Muskogee County,24216
40103,OK,Noble County,4878
40105,OK,Nowata County,4237
40107,OK,Okfuskee County,3943
40109,OK,Oklahoma County,273942
40111,OK,Okmulgee County,13949
40113,OK,Osage County,18966
40115,OK,Ottawa County,10690
40117,OK,Pawnee County,6364
40119,OK,Payne County,27760
40121,OK,Pittsburg County,17271
40123,OK,Pontotoc County,14831
40125,OK,Pottawatomie County,25452
40127,OK,Pushmataha County,4483
40129,OK,Roger Mills County,1759
40131,OK,Rogers County,40862
40133,OK,Seminole County,8037
40135,OK,Sequoyah County,14437
40137,OK,Stephens County,17904
40139,OK,Texas County,5780
40141,OK,Tillman County,2706
40143,OK,Tulsa County,247054
40145,OK,Wagoner County,31300
40147,OK,Washington County,22224
40149,OK,Washita County,4631
40151,OK,Woods County,3668
40153,OK,Woodward County,7595
41001,OR,Baker County,8779
41003,OR,Benton County,48753
41005,OR,Clackamas County,214039
41007,OR,Clatsop County,19664
41009,OR,Columbia County,26618
41011,OR,Coos County,31313
41013,OR,Crook County,12172
41015,OR,Curry County,12611
41017,OR,Deschutes County,98557
41019,OR,Douglas County,53521
41021,OR,Gilliam County,1019
41023,OR,Grant County,4340
41025,OR,Harney County,3974
41027,OR,Hood River County,10910
41029,OR,Jackson County,109327
41031,OR,Jefferson County,9459
41033,OR,Josephine County,44560
41035,OR,Klamath County,30507
41037,OR,Lake County,3930
41039,OR,Lane County,191950
41041,OR,Lincoln County,25256
41043,OR,Linn County,58719
41045,OR,Malheur County,10435
41047,OR,Marion County,136840
41049,OR,Morrow County,4167
41051,OR,Multnomah County,399103
41053,OR,Polk County,40295
41055,OR,Sherman County,1017
41057,OR,Tillamook County,13803
41059,OR,Umatilla County,27597
41061,OR,Union County,12968
41063,OR,Wallowa County,4366
41065,OR,Wasco County,11964
41067,OR,Washington County,269232
41069,OR,Wheeler County,818
41071,OR,Yamhill County,48753
15001,HI,Hawaii County,64867
15003,HI,Honolulu County,285790
15007,HI,Kauai County,26335
15009,HI,Maui County,51945
42001,PA,Adams County,47990
42003,PA,Allegheny County,657189
42005,PA,Armstrong County,31864
42007,PA,Beaver County,84462
42009,PA,Bedford County,23675
42011,PA,Berks County,184085
42013,PA,Blair County,55341
42015,PA,Bradford County,25986
42017,PA,Bucks County,345042
42019,PA,Butler County,98044
42021,PA,Cambria County,63589
42023,PA,Cameron County,2210
42025,PA,Carbon County,28993
42027,PA,Centre County,77307
42029,PA,Chester County,272998
42031,PA,Clarion County,17660
42033,PA,Clearfield County,34550
42035,PA,Clinton County,15505
42037,PA,Columbia County,28506
42039,PA,Crawford County,37813
42041,PA,Cumberland County,123486
42043,PA,Dauphin County,131783
42045,PA,Delaware County,299336
42047,PA,Elk County,14547
42049,PA,Erie County,125129
42051,PA,Fayette County,54099
42053,PA,Forest County,2419
42055,PA,Franklin County,70506
42057,PA,Fulton County,6822
42059,PA,Greene County,15868
42061,PA,Huntingdon County,19866
42063,PA,Indiana County,38122
42065,PA,Jefferson County,19595
42067,PA,Juniata County,10545
42069,PA,Lackawanna County,104404
42071,PA,Lancaster County,244832
42073,PA,Lawrence County,41076
42075,PA,Lebanon County,62503
42077,PA,Lehigh County,162733
42079,PA,Luzerne County,135901
42081,PA,Lycoming County,51131
42083,PA,McKean County,16464
42085,PA,Mercer County,52839
42087,PA,Mifflin County,18721
42089,PA,Monroe County,70008
42091,PA,Montgomery County,438652
42093,PA,Montour County,8556
42095,PA,Northampton County,144566
42097,PA,Northumberland County,36907
42099,PA,Perry County,21371
42101,PA,Philadelphia County,709618
42103,PA,Pike County,26284
42105,PA,Potter County,7864
42107,PA,Schuylkill County,63385
42109,PA,Snyder County,16486
42111,PA,Somerset County,36073
42113,PA,Sullivan County,3152
42115,PA,Susquehanna County,19043
42117,PA,Tioga County,18507
42119,PA,Union County,17696
42121,PA,Venango County,23530
42123,PA,Warren County,18434
42125,PA,Washington County,102267
42127,PA,Wayne County,24018
42129,PA,Westmoreland County,183492
42131,PA,Wyoming County,13255
42133,PA,York County,208029
19001,IA,Adair County,3811
19003,IA,Adams County,2106
19005,IA,Allamakee County,6923
19007,IA,Appanoose County,6136
19009,IA,Audubon County,3412
19011,IA,Benton County,13844
19013,IA,Black Hawk County,64405
19015,IA,Boone County,14196
19017,IA,Bremer County,13538
19019,IA,Buchanan County,10252
19021,IA,Buena Vista County,8278
19023,IA,Butler County,7513
19025,IA,Calhoun County,5159
19027,IA,Carroll County,10544
19029,IA,Cass County,7125
19031,IA,Cedar County,9541
19033,IA,Cerro Gordo County,22965
19035,IA,Cherokee County,6258
19037,IA,Chickasaw County,6435
19039,IA,Clarke County,4454
19041,IA,Clay County,8617
19043,IA,Clayton County,9129
19045,IA,Clinton County,23067
19047,IA,Crawford County,6935
19049,IA,Dallas County,38252
19051,IA,Davis County,3882
19053,IA,Decatur County,3734
19055,IA,Delaware County,9241
19057,IA,Des Moines County,19103
19059,IA,Dickinson County,10354
19061,IA,Dubuque County,49721
19063,IA,Emmet County,4753
19065,IA,Fayette County,9975
19067,IA,Floyd County,8060
19069,IA,Franklin County,4968
19071,IA,Fremont County,3595
19073,IA,Greene County,4821
19075,IA,Grundy County,6872
19077,IA,Guthrie County,5750
19079,IA,Hamilton County,7694
19081,IA,Hancock County,5871
19083,IA,Hardin County,8533
19085,IA,Harrison County,7465
19087,IA,Henry County,9404
19089,IA,Howard County,4559
19091,IA,Humboldt County,5087
19093,IA,Ida County,3612
19095,IA,Iowa County,8904
19097,IA,Jackson County,10310
19099,IA,Jasper County,19034
19101,IA,Jefferson County,8156
19103,IA,Johnson County,76940
19105,IA,Jones County,10133
19107,IA,Keokuk County,4985
19109,IA,Kossuth County,8607
19111,IA,Lee County,16151
19113,IA,Linn County,117098
19115,IA,Louisa County,5008
19117,IA,Lucas County,4354
19119,IA,Lyon County,6377
19121,IA,Madison County,8636
19123,IA,Mahaska County,10632
19125,IA,Marion County,17816
19127,IA,Marshall County,17980
19129,IA,Mills County,7698
19131,IA,Mitchell County,5417
19133,IA,Monona County,4572
19135,IA,Monroe County,3865
19137,IA,Montgomery County,5044
19139,IA,Muscatine County,19434
19141,IA,O'Brien County,7406
19143,IA,Osceola County,3213
19145,IA,Page County,7044
19147,IA,Palo Alto County,4703
19149,IA,Plymouth County,13190
19151,IA,Pocahontas County,3865
19153,IA,Polk County,231555
19155,IA,Pottawattamie County,42680
19157,IA,Poweshiek County,9833
19159,IA,Ringgold County,2707
19161,IA,Sac County,5212
19163,IA,Scott County,86220
19165,IA,Shelby County,6370
19167,IA,Sioux County,18194
19169,IA,Story County,50667
19171,IA,Tama County,8752
19173,IA,Taylor County,3029
19175,IA,Union County,5832
19177,IA,Van Buren County,3561
19179,IA,Wapello County,15149
19181,IA,Warren County,27300
19183,IA,Washington County,10929
19185,IA,Wayne County,2940
19187,IA,Webster County,17430
19189,IA,Winnebago County,5787
19191,IA,Winneshiek County,11362
19193,IA,Woodbury County,43718
19195,IA,Worth County,4257
19197,IA,Wright County,6026
16001,ID,Ada County,195669
16003,ID,Adams County,2183
16005,ID,Bannock County,33416
16007,ID,Bear Lake County,2928
16009,ID,Benewah County,4185
16011,ID,Bingham County,16625
16013,ID,Blaine County,10724
16015,ID,Boise County,3814
16017,ID,Bonner County,20943
16019,ID,Bonneville County,44221
16021,ID,Boundary County,5163
16023,ID,Butte County,1230
16025,ID,Camas County,590
16027,ID,Canyon County,72785
16029,ID,Caribou County,3035
16031,ID,Cassia County,8178
16033,ID,Clark County,283
16035,ID,Clearwater County,3801
16037,ID,Custer County,2414
16039,ID,Elmore County,8522
16041,ID,Franklin County,5499
16043,ID,Fremont County,5715
16045,ID,Gem County,7954
16047,ID,Gooding County,5191
16049,ID,Idaho County,8233
16051,ID,Jefferson County,11475
16053,ID,Jerome County,6751
16055,ID,Kootenai County,66310
16057,ID,Latah County,18173
16059,ID,Lemhi County,4096
16061,ID,Lewis County,1590
16063,ID,Lincoln County,1748
16065,ID,Madison County,15688
16067,ID,Minidoka County,6871
16069,ID,Nez Perce County,17201
16071,ID,Oneida County,2068
16073,ID,Owyhee County,3925
16075,ID,Payette County,8704
16077,ID,Power County,2758
16079,ID,Shoshone County,5120
16081,ID,Teton County,4976
16083,ID,Twin Falls County,29874
16085,ID,Valley County,5349
16087,ID,Washington County,4455
44001,RI,Bristol County,25475
44003,RI,Kent County,82053
44005,RI,Newport County,41045
44007,RI,Providence County,248474
44009,RI,Washington County,66369
17001,IL,Adams County,32310
17003,IL,Alexander County,2820
17005,IL,Bond County,7570
17007,IL,Boone County,23001
17009,IL,Brown County,2379
17011,IL,Bureau County,16571
17013,IL,Calhoun County,2571
17015,IL,Carroll County,7445
17017,IL,Cass County,5124
17019,IL,Champaign County,91628
17021,IL,Christian County,15477
17023,IL,Clark County,7928
17025,IL,Clay County,6350
17027,IL,Clinton County,17419
17029,IL,Coles County,21918
17031,IL,Cook County,2180344
17033,IL,Crawford County,8739
17035,IL,Cumberland County,5571
17037,IL,DeKalb County,43600
17039,IL,De Witt County,7556
17041,IL,Douglas County,8195
17043,IL,DuPage County,430674
17045,IL,Edgar County,7899
17047,IL,Edwards County,3324
17049,IL,Effingham County,17514
17051,IL,Fayette County,9591
17053,IL,Ford County,6396
17055,IL,Franklin County,18711
17057,IL,Fulton County,15797
17059,IL,Gallatin County,2707
17061,IL,Greene County,5585
17063,IL,Grundy County,23237
17065,IL,Hamilton County,4156
17067,IL,Hancock County,9121
17069,IL,Hardin County,2148
17071,IL,Henderson County,3518
17073,IL,Henry County,24365
17075,IL,Iroquois County,13102
17077,IL,Jackson County,24617
17079,IL,Jasper County,5112
17081,IL,Jefferson County,16999
17083,IL,Jersey County,10991
17085,IL,Jo Daviess County,11334
17087,IL,Johnson County,6089
17089,IL,Kane County,199687
17091,IL,Kankakee County,47305
17093,IL,Kendall County,54055
17095,IL,Knox County,22503
17097,IL,Lake County,303520
17099,IL,LaSalle County,49743
17101,IL,Lawrence County,6058
17103,IL,Lee County,15489
17105,IL,Livingston County,15342
17107,IL,Logan County,12401
17109,IL,McDonough County,13144
17111,IL,McHenry County,143930
17113,IL,McLean County,81324
17115,IL,Macon County,48060
17117,IL,Macoupin County,22391
17119,IL,Madison County,130179
17121,IL,Marion County,17098
17123,IL,Marshall County,5984
17125,IL,Mason County,6493
17127,IL,Massac County,6697
17129,IL,Menard County,6515
17131,IL,Mercer County,8525
17133,IL,Monroe County,19354
17135,IL,Montgomery County,12978
17137,IL,Morgan County,14800
17139,IL,Moultrie County,6283
17141,IL,Ogle County,24193
17143,IL,Peoria County,79102
17145,IL,Perry County,9874
17147,IL,Piatt County,9060
17149,IL,Pike County,7530
17151,IL,Pope County,2142
17153,IL,Pulaski County,2735
17155,IL,Putnam County,3112
17157,IL,Randolph County,14194
17159,IL,Richland County,7649
17161,IL,Rock Island County,63994
17163,IL,St. Clair County,121436
17165,IL,Saline County,11384
17167,IL,Sangamon County,98373
17169,IL,Schuyler County,3834
17171,IL,Scott County,2608
17173,IL,Shelby County,11049
17175,IL,Stark County,2743
17177,IL,Stephenson County,20343
17179,IL,Tazewell County,64751
17181,IL,Union County,8616
17183,IL,Vermilion County,30818
17185,IL,Wabash County,5464
17187,IL,Warren County,7807
17189,IL,Washington County,7438
17191,IL,Wayne County,8301
17193,IL,White County,7335
17195,IL,Whiteside County,25582
17197,IL,Will County,304226
17199,IL,Williamson County,31852
17201,IL,Winnebago County,120055
17203,IL,Woodford County,19864
45001,SC,Abbeville County,10775
45003,SC,Aiken County,74851
45005,SC,Allendale County,3592
45007,SC,Anderson County,80483
45009,SC,Bamberg County,6214
45011,SC,Barnwell County,9485
45013,SC,Beaufort County,78524
45015,SC,Berkeley County,79517
45017,SC,Calhoun County,7549
45019,SC,Charleston County,176345
45021,SC,Cherokee County,21759
45023,SC,Chester County,14192
45025,SC,Chesterfield County,16581
45027,SC,Clarendon County,15395
45029,SC,Colleton County,17251
45031,SC,Darlington County,29674
45033,SC,Dillon County,11698
45035,SC,Dorchester County,62567
45037,SC,Edgefield County,11644
45039,SC,Fairfield County,11267
45041,SC,Florence County,57931
45043,SC,Georgetown County,31657
45045,SC,Greenville County,215165
45047,SC,Greenwood County,28763
45049,SC,Hampton County,8806
45051,SC,Horry County,132920
45053,SC,Jasper County,11427
45055,SC,Kershaw County,28995
45057,SC,Lancaster County,38938
45059,SC,Laurens County,26566
45061,SC,Lee County,8156
45063,SC,Lexington County,122093
45065,SC,McCormick County,5216
45067,SC,Marion County,14276
45069,SC,Marlboro County,10389
45071,SC,Newberry County,16807
45073,SC,Oconee County,33635
45075,SC,Orangeburg County,38910
45077,SC,Pickens County,49049
45079,SC,Richland County,168722
45081,SC,Saluda County,8564
45083,SC,Spartanburg County,121090
45085,SC,Sumter County,44086
45087,SC,Union County,12092
45089,SC,Williamsburg County,15054
45091,SC,York County,114357
18001,IN,Adams County,13194
18003,IN,Allen County,148632
18005,IN,Bartholomew County,32717
18007,IN,Benton County,3688
18009,IN,Blackford County,4881
18011,IN,Boone County,32537
18013,IN,Brown County,7945
18015,IN,Carroll County,8643
18017,IN,Cass County,14209
18019,IN,Clark County,51789
18021,IN,Clay County,11335
18023,IN,Clinton County,11936
18025,IN,Crawford County,4642
18027,IN,Daviess County,10819
18029,IN,Dearborn County,23987
18031,IN,Decatur County,11178
18033,IN,DeKalb County,16902
18035,IN,Delaware County,45505
18037,IN,Dubois County,20095
18039,IN,Elkhart County,66236
18041,IN,Fayette County,9530
18043,IN,Floyd County,37842
18045,IN,Fountain County,7535
18047,IN,Franklin County,11013
18049,IN,Fulton County,8437
18051,IN,Gibson County,15484
18053,IN,Grant County,25572
18055,IN,Greene County,13861
18057,IN,Hamilton County,155958
18059,IN,Hancock County,36496
18061,IN,Harrison County,18558
18063,IN,Hendricks County,76184
18065,IN,Henry County,20155
18067,IN,Howard County,37342
18069,IN,Huntington County,16181
18071,IN,Jackson County,17667
18073,IN,Jasper County,13378
18075,IN,Jay County,7986
18077,IN,Jefferson County,13653
18079,IN,Jennings County,11150
18081,IN,Johnson County,67147
18083,IN,Knox County,15516
18085,IN,Kosciusko County,32441
18087,IN,LaGrange County,9566
18089,IN,Lake County,202801
18091,IN,LaPorte County,45609
18093,IN,Lawrence County,19152
18095,IN,Madison County,54377
18097,IN,Marion County,366879
18099,IN,Marshall County,18241
18101,IN,Martin County,4809
18103,IN,Miami County,13482
18105,IN,Monroe County,58454
18107,IN,Montgomery County,15156
18109,IN,Morgan County,31446
18111,IN,Newton County,5795
18113,IN,Noble County,17104
18115,IN,Ohio County,2921
18117,IN,Orange County,8192
18119,IN,Owen County,8557
18121,IN,Parke County,6636
18123,IN,Perry County,8055
18125,IN,Pike County,5977
18127,IN,Porter County,78253
18129,IN,Posey County,12467
18131,IN,Pulaski County,5459
18133,IN,Putnam County,14715
18135,IN,Randolph County,10523
18137,IN,Ripley County,12935
18139,IN,Rush County,7214
18141,IN,St. Joseph County,111842
18143,IN,Scott County,9147
18145,IN,Shelby County,17994
18147,IN,Spencer County,9979
18149,IN,Starke County,9316
18151,IN,Steuben County,14566
18153,IN,Sullivan County,8559
18155,IN,Switzerland County,3699
18157,IN,Tippecanoe County,63339
18159,IN,Tipton County,7510
18161,IN,Union County,3291
18163,IN,Vanderburgh County,73369
18165,IN,Vermillion County,6973
18167,IN,Vigo County,40127
18169,IN,Wabash County,13552
18171,IN,Warren County,3930
18173,IN,Warrick County,29939
18175,IN,Washington County,11382
18177,IN,Wayne County,25579
18179,IN,Wells County,13286
18181,IN,White County,10096
18183,IN,Whitley County,15759
46003,SD,Aurora County,1407
46005,SD,Beadle County,6772
46007,SD,Bennett County,1149
46009,SD,Bon Homme County,2974
46011,SD,Brookings County,12680
46013,SD,Brown County,16114
46015,SD,Brule County,2288
46017,SD,Buffalo County,490
46019,SD,Butte County,4351
46021,SD,Campbell County,831
46023,SD,Charles Mix County,3433
46025,SD,Clark County,1657
46027,SD,Clay County,5069
46029,SD,Codington County,11669
46031,SD,Corson County,1175
46033,SD,Custer County,4721
46035,SD,Davison County,7952
46037,SD,Day County,2747
46039,SD,Deuel County,2080
46041,SD,Dewey County,1708
46043,SD,Douglas County,1605
46045,SD,Edmunds County,1918
46047,SD,Fall River County,3563
46049,SD,Faulk County,1118
46051,SD,Grant County,3564
46053,SD,Gregory County,2091
46055,SD,Haakon County,1044
46057,SD,Hamlin County,2762
46059,SD,Hand County,1818
46061,SD,Hanson County,2006
46063,SD,Harding County,770
46065,SD,Hughes County,8175
46067,SD,Hutchinson County,3365
46069,SD,Hyde County,690
46071,SD,Jackson County,1095
46073,SD,Jerauld County,967
46075,SD,Jones County,558
46077,SD,Kingsbury County,2551
46079,SD,Lake County,6786
46081,SD,Lawrence County,11842
46083,SD,Lincoln County,25231
46085,SD,Lyman County,1421
46087,SD,McCook County,2587
46089,SD,McPherson County,1137
46091,SD,Marshall County,1947
46093,SD,Meade County,11621
46095,SD,Mellette County,683
46097,SD,Miner County,1064
46099,SD,Minnehaha County,78263
46101,SD,Moody County,2933
46103,SD,Pennington County,47743
46105,SD,Perkins County,1606
46107,SD,Potter County,1337
46109,SD,Roberts County,3889
46111,SD,Sanborn County,1123
46102,SD,Oglala Lakota County,2905
46115,SD,Spink County,2951
46117,SD,Stanley County,1567
46119,SD,Sully County,861
46121,SD,Todd County,2125
46123,SD,Tripp County,2630
46125,SD,Turner County,4150
46127,SD,Union County,7897
46129,SD,Walworth County,2477
46135,SD,Yankton County,9623
46137,SD,Ziebach County,767
20001,KS,Allen County,5454
20003,KS,Anderson County,3350
20005,KS,Atchison County,6575
20007,KS,Barber County,2252
20009,KS,Barton County,10337
20011,KS,Bourbon County,6093
20013,KS,Brown County,4036
20015,KS,Butler County,27657
20017,KS,Chase County,1369
20019,KS,Chautauqua County,1481
20021,KS,Cherokee County,8620
20023,KS,Cheyenne County,1407
20025,KS,Clark County,1005
20027,KS,Clay County,3820
20029,KS,Cloud County,3930
20031,KS,Coffey County,4068
20033,KS,Comanche County,867
20035,KS,Cowley County,12621
20037,KS,Crawford County,14891
20039,KS,Decatur County,1452
20041,KS,Dickinson County,8210
20043,KS,Doniphan County,3378
20045,KS,Douglas County,50087
20047,KS,Edwards County,1319
20049,KS,Elk County,1259
20051,KS,Ellis County,11947
20053,KS,Ellsworth County,2679
20055,KS,Finney County,10159
20057,KS,Ford County,7718
20059,KS,Franklin County,10965
20061,KS,Geary County,7504
20063,KS,Gove County,1343
20065,KS,Graham County,1284
20067,KS,Grant County,2389
20069,KS,Gray County,2066
20071,KS,Greeley County,650
20073,KS,Greenwood County,2840
20075,KS,Hamilton County,876
20077,KS,Harper County,2578
20079,KS,Harvey County,14916
20081,KS,Haskell County,1354
20083,KS,Hodgeman County,1017
20085,KS,Jackson County,5818
20087,KS,Jefferson County,8337
20089,KS,Jewell County,1494
20091,KS,Johnson County,294208
20093,KS,Kearny County,1316
20095,KS,Kingman County,3334
20097,KS,Kiowa County,1079
20099,KS,Labette County,8107
20101,KS,Lane County,871
20103,KS,Leavenworth County,30639
20105,KS,Lincoln County,1464
20107,KS,Linn County,4454
20109,KS,Logan County,1357
20111,KS,Lyon County,12472
20113,KS,McPherson County,12742
20115,KS,Marion County,5624
20117,KS,Marshall County,4673
20119,KS,Meade County,1732
20121,KS,Miami County,15022
20123,KS,Mitchell County,2942
20125,KS,Montgomery County,12004
20127,KS,Morris County,2624
20129,KS,Morton County,1192
20131,KS,Nemaha County,5122
20133,KS,Neosho County,6314
20135,KS,Ness County,1454
20137,KS,Norton County,2234
20139,KS,Osage County,7046
20141,KS,Osborne County,1788
20143,KS,Ottawa County,2903
20145,KS,Pawnee County,2661
20147,KS,Phillips County,2664
20149,KS,Pottawatomie County,10693
20151,KS,Pratt County,3842
20153,KS,Rawlins County,1472
20155,KS,Reno County,24536
20157,KS,Republic County,2529
20159,KS,Rice County,3804
20161,KS,Riley County,21974
20163,KS,Rooks County,2419
20165,KS,Rush County,1503
20167,KS,Russell County,3193
20169,KS,Saline County,22064
20171,KS,Scott County,2202
20173,KS,Sedgwick County,191798
20175,KS,Seward County,5038
20177,KS,Shawnee County,76766
20179,KS,Sheridan County,1374
20181,KS,Sherman County,2612
20183,KS,Smith County,2042
20185,KS,Stafford County,1896
20187,KS,Stanton County,637
20189,KS,Stevens County,1891
20191,KS,Sumner County,9722
20193,KS,Thomas County,3576
20195,KS,Trego County,1482
20197,KS,Wabaunsee County,3380
20199,KS,Wallace County,798
20201,KS,Washington County,2765
20203,KS,Wichita County,956
20205,KS,Wilson County,3591
20207,KS,Woodson County,1443
20209,KS,Wyandotte County,49243
47001,TN,Anderson County,29881
47003,TN,Bedford County,15355
47005,TN,Benton County,6328
47007,TN,Bledsoe County,4664
47009,TN,Blount County,52208
47011,TN,Bradley County,38666
47013,TN,Campbell County,12532
47015,TN,Cannon County,5314
47017,TN,Carroll County,10384
47019,TN,Carter County,21084
47021,TN,Cheatham County,15924
47023,TN,Chester County,6507
47025,TN,Claiborne County,10740
47027,TN,Clay County,2920
47029,TN,Cocke County,12126
47031,TN,Coffee County,19971
47033,TN,Crockett County,5397
47035,TN,Cumberland County,26360
47037,TN,Davidson County,249068
47039,TN,Decatur County,4592
47041,TN,DeKalb County,6955
47043,TN,Dickson County,18699
47045,TN,Dyer County,13336
47047,TN,Fayette County,19394
47049,TN,Fentress County,7333
47051,TN,Franklin County,16404
47053,TN,Gibson County,19547
47055,TN,Giles County,11137
47057,TN,Grainger County,8008
47059,TN,Greene County,23583
47061,TN,Grundy County,4763
47063,TN,Hamblen County,20692
47065,TN,Hamilton County,142408
47067,TN,Hancock County,2231
47069,TN,Hardeman County,9273
47071,TN,Hardin County,9949
47073,TN,Hawkins County,20774
47075,TN,Haywood County,6834
47077,TN,Henderson County,10217
47079,TN,Henry County,12945
47081,TN,Hickman County,7813
47083,TN,Houston County,3168
47085,TN,Humphreys County,7153
47087,TN,Jackson County,4466
47089,TN,Jefferson County,19072
47091,TN,Johnson County,6579
47093,TN,Knox County,180697
47095,TN,Lake County,1970
47097,TN,Lauderdale County,8087
47099,TN,Lawrence County,15666
47101,TN,Lewis County,4622
47103,TN,Lincoln County,13348
47105,TN,Loudon County,23391
47107,TN,McMinn County,18755
47109,TN,McNairy County,10038
47111,TN,Macon County,7504
47113,TN,Madison County,38120
47115,TN,Marion County,10862
47117,TN,Marshall County,11455
47119,TN,Maury County,35369
47121,TN,Meigs County,4320
47123,TN,Monroe County,17093
47125,TN,Montgomery County,57620
47127,TN,Moore County,2926
47129,TN,Morgan County,6705
47131,TN,Obion County,12249
47133,TN,Overton County,8229
47135,TN,Perry County,2855
47137,TN,Pickett County,2615
47139,TN,Polk County,6520
47141,TN,Putnam County,27212
47143,TN,Rhea County,11062
47145,TN,Roane County,21669
47147,TN,Robertson County,27113
47149,TN,Rutherford County,107436
47151,TN,Scott County,7123
47153,TN,Sequatchie County,5694
47155,TN,Sevier County,36312
47157,TN,Shelby County,337383
47159,TN,Smith County,7436
47161,TN,Stewart County,5299
47163,TN,Sullivan County,62278
47165,TN,Sumner County,71505
47167,TN,Tipton County,23481
47169,TN,Trousdale County,3160
47171,TN,Unicoi County,7195
47173,TN,Union County,6247
47175,TN,Van Buren County,2419
47177,TN,Warren County,13612
47179,TN,Washington County,49750
47181,TN,Wayne County,5857
47183,TN,Weakley County,12184
47185,TN,White County,9825
47187,TN,Williamson County,106271
47189,TN,Wilson County,56734
21001,KY,Adair County,8233
21003,KY,Allen County,8096
21005,KY,Anderson County,11422
21007,KY,Ballard County,4101
21009,KY,Barren County,18488
21011,KY,Bath County,4587
21013,KY,Bell County,9718
21015,KY,Boone County,57618
21017,KY,Bourbon County,8803
21019,KY,Boyd County,20454
21021,KY,Boyle County,12946
21023,KY,Bracken County,3527
21025,KY,Breathitt County,5738
21027,KY,Breckinridge County,8774
21029,KY,Bullitt County,36069
21031,KY,Butler County,5576
21033,KY,Caldwell County,5975
21035,KY,Calloway County,16049
21037,KY,Campbell County,42510
21039,KY,Carlisle County,2601
21041,KY,Carroll County,3855
21043,KY,Carter County,10278
21045,KY,Casey County,6439
21047,KY,Christian County,22083
21049,KY,Clark County,16205
21051,KY,Clay County,6767
21053,KY,Clinton County,4462
21055,KY,Crittenden County,4037
21057,KY,Cumberland County,3066
21059,KY,Daviess County,45807
21061,KY,Edmonson County,5244
21063,KY,Elliott County,2855
21065,KY,Estill County,5545
21067,KY,Fayette County,136315
21069,KY,Fleming County,6260
21071,KY,Floyd County,16540
21073,KY,Franklin County,23865
21075,KY,Fulton County,2382
21077,KY,Gallatin County,3338
21079,KY,Garrard County,7623
21081,KY,Grant County,9559
21083,KY,Graves County,16606
21085,KY,Grayson County,10576
21087,KY,Green County,5333
21089,KY,Greenup County,16277
21091,KY,Hancock County,4295
21093,KY,Hardin County,43156
21095,KY,Harlan County,10757
21097,KY,Harrison County,7781
21099,KY,Hart County,7264
21101,KY,Henderson County,19710
21103,KY,Henry County,7149
21105,KY,Hickman County,2157
21107,KY,Hopkins County,20345
21109,KY,Jackson County,5501
21111,KY,Jefferson County,353100
21113,KY,Jessamine County,23326
21115,KY,Johnson County,9572
21117,KY,Kenton County,71998
21119,KY,Knott County,5763
21121,KY,Knox County,12012
21123,KY,Larue County,6367
21125,KY,Laurel County,24833
21127,KY,Lawrence County,6042
21129,KY,Lee County,2667
21131,KY,Leslie County,4492
21133,KY,Letcher County,9134
21135,KY,Lewis County,5298
21137,KY,Lincoln County,9561
21139,KY,Livingston County,4645
21141,KY,Logan County,10899
21143,KY,Lyon County,3962
21145,KY,McCracken County,31307
21147,KY,McCreary County,5776
21149,KY,McLean County,4566
21151,KY,Madison County,37371
21153,KY,Magoffin County,5116
21155,KY,Marion County,8111
21157,KY,Marshall County,16698
21159,KY,Martin County,3953
21161,KY,Mason County,7219
21163,KY,Meade County,12231
21165,KY,Menifee County,2779
21167,KY,Mercer County,10585
21169,KY,Metcalfe County,4620
21171,KY,Monroe County,4991
21173,KY,Montgomery County,11452
21175,KY,Morgan County,4775
21177,KY,Muhlenberg County,13060
21179,KY,Nelson County,20802
21181,KY,Nicholas County,2841
21183,KY,Ohio County,10398
21185,KY,Oldham County,32853
21187,KY,Owen County,5001
21189,KY,Owsley County,1759
21191,KY,Pendleton County,6007
21193,KY,Perry County,10572
21195,KY,Pike County,24665
21197,KY,Powell County,4957
21199,KY,Pulaski County,28041
21201,KY,Robertson County,1013
21203,KY,Rockcastle County,6691
21205,KY,Rowan County,8848
21207,KY,Russell County,8174
21209,KY,Scott County,24200
21211,KY,Shelby County,20580
21213,KY,Simpson County,7531
21215,KY,Spencer County,9515
21217,KY,Taylor County,11306
21219,KY,Todd County,4779
21221,KY,Trigg County,6751
21223,KY,Trimble County,3798
21225,KY,Union County,6211
21227,KY,Warren County,48454
21229,KY,Washington County,5636
21231,KY,Wayne County,7992
21233,KY,Webster County,5805
21235,KY,Whitley County,13774
21237,KY,Wolfe County,2635
21239,KY,Woodford County,13563
22001,LA,Acadia Parish,27389
22003,LA,Allen Parish,9245
22005,LA,Ascension Parish,54678
22007,LA,Assumption Parish,10904
22009,LA,Avoyelles Parish,16586
22011,LA,Beauregard Parish,15078
22013,LA,Bienville Parish,7005
22015,LA,Bossier Parish,49848
22017,LA,Caddo Parish,105804
22019,LA,Calcasieu Parish,83785
22021,LA,Caldwell Parish,4692
22023,LA,Cameron Parish,3692
22025,LA,Catahoula Parish,4856
22027,LA,Claiborne Parish,6421
22029,LA,Concordia Parish,8872
22031,LA,De Soto Parish,13500
22033,LA,East Baton Rouge Parish,196491
22035,LA,East Carroll Parish,2939
22037,LA,East Feliciana Parish,10042
22039,LA,Evangeline Parish,14882
22041,LA,Franklin Parish,9162
22043,LA,Grant Parish,8821
22045,LA,Iberia Parish,32454
22047,LA,Iberville Parish,16043
22049,LA,Jackson Parish,7464
22051,LA,Jefferson Parish,181639
22053,LA,Jefferson Davis Parish,14277
22055,LA,Lafayette Parish,105603
22057,LA,Lafourche Parish,41645
22059,LA,LaSalle Parish,6569
22061,LA,Lincoln Parish,18669
22063,LA,Livingston Parish,57730
22065,LA,Madison Parish,4732
22067,LA,Morehouse Parish,11852
22069,LA,Natchitoches Parish,16621
22071,LA,Orleans Parish,165812
22073,LA,Ouachita Parish,68017
22075,LA,Plaquemines Parish,10573
22077,LA,Pointe Coupee Parish,11761
22079,LA,Rapides Parish,56844
22081,LA,Red River Parish,4422
22083,LA,Richland Parish,9597
22085,LA,Sabine Parish,9787
22087,LA,St. Bernard Parish,15815
22089,LA,St. Charles Parish,26192
22091,LA,St. Helena Parish,5964
22093,LA,St. James Parish,12085
22095,LA,St. John the Baptist Parish,20743
22097,LA,St. Landry Parish,39977
22099,LA,St. Martin Parish,25750
22101,LA,St. Mary Parish,22877
22103,LA,St. Tammany Parish,124392
22105,LA,Tangipahoa Parish,52416
22107,LA,Tensas Parish,2548
22109,LA,Terrebonne Parish,43896
22111,LA,Union Parish,10894
22113,LA,Vermilion Parish,25632
22115,LA,Vernon Parish,16633
22117,LA,Washington Parish,18628
22119,LA,Webster Parish,18145
22121,LA,West Baton Rouge Parish,12712
22123,LA,West Carroll Parish,4759
22125,LA,West Feliciana Parish,5799
22127,LA,Winn Parish,6372
48001,TX,Anderson County,16977
48003,TX,Andrews County,4943
48005,TX,Angelina County,29911
48007,TX,Aransas County,10512
48009,TX,Archer County,4283
48011,TX,Armstrong County,1021
48013,TX,Atascosa County,13673
48015,TX,Austin County,12274
48017,TX,Bailey County,1793
48019,TX,Bandera County,10218
48021,TX,Bastrop County,28665
48023,TX,Baylor County,1499
48025,TX,Bee County,8485
48027,TX,Bell County,95701
48029,TX,Bexar County,594574
48031,TX,Blanco County,5685
48033,TX,Borden County,365
48035,TX,Bosque County,7867
48037,TX,Bowie County,34602
48039,TX,Brazoria County,121181
48041,TX,Brazos County,67211
48043,TX,Brewster County,4252
48045,TX,Briscoe County,736
48047,TX,Brooks County,2596
48049,TX,Brown County,14026
48051,TX,Burleson County,6960
48053,TX,Burnet County,19204
48055,TX,Caldwell County,12178
48057,TX,Calhoun County,6974
48059,TX,Callahan County,5579
48061,TX,Cameron County,92079
48063,TX,Camp County,4542
48065,TX,Carson County,2964
48067,TX,Cass County,12344
48069,TX,Castro County,1997
48071,TX,Chambers County,16836
48073,TX,Cherokee County,16790
48075,TX,Childress County,2084
48077,TX,Clay County,5018
48079,TX,Cochran County,901
48081,TX,Coke County,1423
48083,TX,Coleman County,3643
48085,TX,Collin County,364430
48087,TX,Collingsworth County,1156
48089,TX,Colorado County,8513
48091,TX,Comal County,62178
48093,TX,Comanche County,5237
48095,TX,Concho County,1068
48097,TX,Cooke County,15955
48099,TX,Coryell County,18253
48101,TX,Cottle County,612
48103,TX,Crane County,1384
48105,TX,Crockett County,1395
48107,TX,Crosby County,1728
48109,TX,Culberson County,767
48111,TX,Dallam County,1544
48113,TX,Dallas County,765682
48115,TX,Dawson County,3563
48117,TX,Deaf Smith County,4216
48119,TX,Delta County,2281
48121,TX,Denton County,298645
48123,TX,DeWitt County,6844
48125,TX,Dickens County,909
48127,TX,Dimmit County,3225
48129,TX,Donley County,1465
48131,TX,Duval County,4168
48133,TX,Eastland County,6963
48135,TX,Ector County,36530
48137,TX,Edwards County,1073
48139,TX,Ellis County,64110
48141,TX,El Paso County,215922
48143,TX,Erath County,13893
48145,TX,Falls County,5248
48147,TX,Fannin County,12044
48149,TX,Fayette County,11174
48151,TX,Fisher County,1729
48153,TX,Floyd County,1959
48155,TX,Foard County,513
48157,TX,Fort Bend County,262066
48159,TX,Franklin County,4380
48161,TX,Freestone County,7684
48163,TX,Frio County,4400
48165,TX,Gaines County,4620
48167,TX,Galveston County,122903
48169,TX,Garza County,1484
48171,TX,Gillespie County,13214
48173,TX,Glasscock County,604
48175,TX,Goliad County,3708
48177,TX,Gonzales County,6349
48179,TX,Gray County,7405
48181,TX,Grayson County,47416
48183,TX,Gregg County,41749
48185,TX,Grimes County,9533
48187,TX,Guadalupe County,58123
48189,TX,Hale County,8858
48191,TX,Hall County,1091
48193,TX,Hamilton County,3620
48195,TX,Hansford County,1947
48197,TX,Hardeman County,1513
48199,TX,Hardin County,22780
48201,TX,Harris County,1312112
48203,TX,Harrison County,26548
48205,TX,Hartley County,1952
48207,TX,Haskell County,1770
48209,TX,Hays County,72164
48211,TX,Hemphill County,1704
48213,TX,Henderson County,30045
48215,TX,Hidalgo County,174408
48217,TX,Hill County,12970
48219,TX,Hockley County,7311
48221,TX,Hood County,26262
48223,TX,Hopkins County,13538
48225,TX,Houston County,8353
48227,TX,Howard County,8723
48229,TX,Hudspeth County,871
48231,TX,Hunt County,31554
48233,TX,Hutchinson County,8155
48235,TX,Irion County,766
48237,TX,Jack County,3350
48239,TX,Jackson County,5302
48241,TX,Jasper County,13419
48243,TX,Jeff Davis County,1191
48245,TX,Jefferson County,87618
48247,TX,Jim Hogg County,2119
48249,TX,Jim Wells County,12379
48251,TX,Johnson County,57606
48253,TX,Jones County,5960
48255,TX,Karnes County,4198
48257,TX,Kaufman County,41265
48259,TX,Kendall County,20283
48261,TX,Kenedy County,186
48263,TX,Kent County,434
48265,TX,Kerr County,23297
48267,TX,Kimble County,1952
48269,TX,King County,159
48271,TX,Kinney County,1430
48273,TX,Kleberg County,9587
48275,TX,Knox County,1367
48277,TX,Lamar County,18611
48279,TX,Lamb County,3995
48281,TX,Lampasas County,8205
48283,TX,La Salle County,2059
48285,TX,Lavaca County,8665
48287,TX,Lee County,6558
48289,TX,Leon County,7439
48291,TX,Liberty County,24267
48293,TX,Limestone County,7739
48295,TX,Lipscomb County,1332
48297,TX,Live Oak County,4302
48299,TX,Llano County,10447
48301,TX,Loving County,65
48303,TX,Lubbock County,99013
48305,TX,Lynn County,2009
48307,TX,McCulloch County,3103
48309,TX,McLennan County,79075
48311,TX,McMullen County,499
48313,TX,Madison County,4289
48315,TX,Marion County,4238
48317,TX,Martin County,1762
48319,TX,Mason County,2057
48321,TX,Matagorda County,12196
48323,TX,Maverick County,13588
48325,TX,Medina County,17246
48327,TX,Menard County,864
48329,TX,Midland County,49212
48331,TX,Milam County,8664
48333,TX,Mills County,2245
48335,TX,Mitchell County,2196
48337,TX,Montague County,8604
48339,TX,Montgomery County,205904
48341,TX,Moore County,5284
48343,TX,Morris County,4973
48345,TX,Motley County,615
48347,TX,Nacogdoches County,22622
48349,TX,Navarro County,16433
48351,TX,Newton County,5534
48353,TX,Nolan County,4857
48355,TX,Nueces County,104405
48357,TX,Ochiltree County,3002
48359,TX,Oldham County,953
48361,TX,Orange County,32000
48363,TX,Palo Pinto County,10270
48365,TX,Panola County,10416
48367,TX,Parker County,56817
48369,TX,Parmer County,2466
48371,TX,Pecos County,4185
48373,TX,Polk County,19852
48375,TX,Potter County,28831
48377,TX,Presidio County,2208
48379,TX,Rains County,4701
48381,TX,Randall County,54305
48383,TX,Reagan County,904
48385,TX,Real County,1681
48387,TX,Red River County,5161
48389,TX,Reeves County,3184
48391,TX,Refugio County,2948
48393,TX,Roberts County,554
48395,TX,Robertson County,7035
48397,TX,Rockwall County,40180
48399,TX,Runnels County,3782
48401,TX,Rusk County,19134
48403,TX,Sabine County,4651
48405,TX,San Augustine County,3569
48407,TX,San Jacinto County,10343
48409,TX,San Patricio County,21656
48411,TX,San Saba County,2357
48413,TX,Schleicher County,1059
48415,TX,Scurry County,5312
48417,TX,Shackelford County,1504
48419,TX,Shelby County,9086
48421,TX,Sherman County,935
48423,TX,Smith County,84768
48425,TX,Somervell County,3897
48427,TX,Starr County,11740
48429,TX,Stephens County,3470
48431,TX,Sterling County,633
48433,TX,Stonewall County,701
48435,TX,Sutton County,1416
48437,TX,Swisher County,2204
48439,TX,Tarrant County,668514
48441,TX,Taylor County,45759
48443,TX,Terrell County,438
48445,TX,Terry County,3355
48447,TX,Throckmorton County,808
48449,TX,Titus County,9419
48451,TX,Tom Green County,38479
48453,TX,Travis County,468720
48455,TX,Trinity County,5985
48457,TX,Tyler County,8016
48459,TX,Upshur County,16013
48461,TX,Upton County,1347
48463,TX,Uvalde County,8964
48465,TX,Val Verde County,13617
48467,TX,Van Zandt County,21890
48469,TX,Victoria County,31324
48471,TX,Walker County,19796
48473,TX,Waller County,16784
48475,TX,Ward County,3445
48477,TX,Washington County,14832
48479,TX,Webb County,57585
48481,TX,Wharton County,14732
48483,TX,Wheeler County,2306
48485,TX,Wichita County,38119
48487,TX,Wilbarger County,4105
48489,TX,Willacy County,5095
48491,TX,Williamson County,204659
48493,TX,Wilson County,19395
48495,TX,Winkler County,1876
48497,TX,Wise County,24776
48499,TX,Wood County,18727
48501,TX,Yoakum County,2303
48503,TX,Young County,7707
48505,TX,Zapata County,3142
48507,TX,Zavala County,3396
49001,UT,Beaver County,2505
49003,UT,Box Elder County,19878
49005,UT,Cache County,46718
49007,UT,Carbon County,7999
49009,UT,Daggett County,477
49011,UT,Davis County,140288
49013,UT,Duchesne County,6988
49015,UT,Emery County,4315
49017,UT,Garfield County,2344
49019,UT,Grand County,4601
49021,UT,Iron County,17831
49023,UT,Juab County,4221
49025,UT,Kane County,3537
49027,UT,Millard County,5269
49029,UT,Morgan County,5192
49031,UT,Piute County,729
49033,UT,Rich County,1109
49035,UT,Salt Lake County,423743
49037,UT,San Juan County,5534
49039,UT,Sanpete County,10247
49041,UT,Sevier County,8654
49043,UT,Summit County,20885
49045,UT,Tooele County,21962
49047,UT,Uintah County,12864
49049,UT,Utah County,203642
49051,UT,Wasatch County,12266
49053,UT,Washington County,62371
49055,UT,Wayne County,1426
49057,UT,Weber County,86006
25001,MA,Barnstable County,135781
25003,MA,Berkshire County,65617
25005,MA,Bristol County,252140
25007,MA,Dukes County,11674
25009,MA,Essex County,385370
25011,MA,Franklin County,38821
25013,MA,Hampden County,206101
25015,MA,Hampshire County,84193
25017,MA,Middlesex County,796735
25019,MA,Nantucket County,6508
25021,MA,Norfolk County,367695
25023,MA,Plymouth County,271177
25025,MA,Suffolk County,313283
25027,MA,Worcester County,389951
51001,VA,Accomack County,15818
51003,VA,Albemarle County,56726
51005,VA,Alleghany County,7325
51007,VA,Amelia County,7040
51009,VA,Amherst County,15396
51011,VA,Appomattox County,7997
51013,VA,Arlington County,121339
51015,VA,Augusta County,36343
51017,VA,Bath County,2253
51019,VA,Bedford County,42525
51021,VA,Bland County,3139
51023,VA,Botetourt County,18739
51025,VA,Brunswick County,7669
51027,VA,Buchanan County,9247
51029,VA,Buckingham County,7289
51031,VA,Campbell County,27535
51033,VA,Caroline County,14248
51035,VA,Carroll County,13655
51036,VA,Charles City County,4107
51037,VA,Charlotte County,5807
51041,VA,Chesterfield County,176362
51043,VA,Clarke County,8213
51045,VA,Craig County,2791
51047,VA,Culpeper County,22218
51049,VA,Cumberland County,4906
51051,VA,Dickenson County,6440
51053,VA,Dinwiddie County,13575
51057,VA,Essex County,5372
51600,VA,Fairfax County,551183
51061,VA,Fauquier County,37460
51063,VA,Floyd County,8050
51065,VA,Fluvanna County,13592
51620,VA,Franklin County,26971
51069,VA,Frederick County,40440
51071,VA,Giles County,8212
51073,VA,Gloucester County,19619
51075,VA,Goochland County,14037
51077,VA,Grayson County,7285
51079,VA,Greene County,9607
51081,VA,Greensville County,4363
51083,VA,Halifax County,16994
51085,VA,Hanover County,62723
51087,VA,Henrico County,163536
51089,VA,Henry County,24091
51091,VA,Highland County,1391
51093,VA,Isle of Wight County,21075
51095,VA,James City County,43169
51097,VA,King and Queen County,3690
51099,VA,King George County,12050
51101,VA,King William County,9146
51103,VA,Lancaster County,6645
51105,VA,Lee County,9399
51107,VA,Loudoun County,183050
51109,VA,Louisa County,17612
51111,VA,Lunenburg County,5586
51113,VA,Madison County,6979
51115,VA,Mathews County,5311
51117,VA,Mecklenburg County,14945
51119,VA,Middlesex County,6017
51121,VA,Montgomery County,43031
51125,VA,Nelson County,8311
51127,VA,New Kent County,12233
51131,VA,Northampton County,6168
51133,VA,Northumberland County,7397
51135,VA,Nottoway County,6744
51137,VA,Orange County,17267
51139,VA,Page County,10740
51141,VA,Patrick County,8525
51143,VA,Pittsylvania County,31598
51145,VA,Powhatan County,16888
51147,VA,Prince Edward County,9143
51149,VA,Prince George County,16184
51153,VA,Prince William County,196442
51155,VA,Pulaski County,15165
51157,VA,Rappahannock County,4483
51760,VA,Richmond County,3661
51770,VA,Roanoke County,51489
51163,VA,Rockbridge County,10795
51165,VA,Rockingham County,37487
51167,VA,Russell County,12246
51169,VA,Scott County,10100
51171,VA,Shenandoah County,20508
51173,VA,Smyth County,12890
51175,VA,Southampton County,8872
51177,VA,Spotsylvania County,62549
51179,VA,Stafford County,65934
51181,VA,Surry County,4228
51183,VA,Sussex County,5044
51185,VA,Tazewell County,18566
51187,VA,Warren County,17951
51191,VA,Washington County,25846
51193,VA,Westmoreland County,8574
51195,VA,Wise County,15163
51197,VA,Wythe County,13328
51199,VA,York County,34113
51510,VA,Alexandria County,75762
51520,VA,Bristol County,7027
51530,VA,Buena Vista County,2407
51540,VA,Charlottesville County,22467
51550,VA,Chesapeake County,112662
51570,VA,Colonial Heights County,8457
51580,VA,Covington County,2382
51590,VA,Danville County,18940
51595,VA,Emporia County,2366
51600,VA,Fairfax County,12028
51610,VA,Falls Church County,7757
51620,VA,Franklin County,4061
51630,VA,Fredericksburg County,11257
51640,VA,Galax County,2376
51650,VA,Hampton County,62277
51660,VA,Harrisonburg County,17987
51670,VA,Hopewell County,9008
51678,VA,Lexington County,2465
51680,VA,Lynchburg County,35657
51683,VA,Manassas County,15411
51685,VA,Manassas Park County,5232
51690,VA,Martinsville County,5907
51700,VA,Newport News County,75637
51710,VA,Norfolk County,83385
51720,VA,Norton County,1460
51730,VA,Petersburg County,13786
51735,VA,Poquoson County,7177
51740,VA,Portsmouth County,43261
51750,VA,Radford County,6082
51760,VA,Richmond County,103406
51770,VA,Roanoke County,39466
51775,VA,Salem County,12225
51790,VA,Staunton County,11255
51800,VA,Suffolk County,43240
51810,VA,Virginia Beach County,203019
51820,VA,Waynesboro County,9204
51830,VA,Williamsburg County,7626
51840,VA,Winchester County,10665
24001,MD,Allegany County,30654
24003,MD,Anne Arundel County,270081
24005,MD,Baltimore County,390682
24009,MD,Calvert County,47408
24011,MD,Caroline County,14113
24013,MD,Carroll County,91848
24015,MD,Cecil County,45269
24017,MD,Charles County,78303
24019,MD,Dorchester County,15225
24021,MD,Frederick County,125677
24023,MD,Garrett County,14011
24025,MD,Harford County,133672
24027,MD,Howard County,162193
24029,MD,Kent County,10021
24031,MD,Montgomery County,478873
24033,MD,Prince George's County,390385
24035,MD,Queen Anne's County,26523
24037,MD,St. Mary's County,49842
24039,MD,Somerset County,9900
24041,MD,Talbot County,20553
24043,MD,Washington County,65991
24045,MD,Wicomico County,42547
24047,MD,Worcester County,28273
24005,MD,Baltimore County,239402
23001,ME,Androscoggin County,55601
23003,ME,Aroostook County,35097
23005,ME,Cumberland County,171818
23007,ME,Franklin County,16488
23009,ME,Hancock County,32130
23011,ME,Kennebec County,66208
23013,ME,Knox County,23147
23015,ME,Lincoln County,21503
23017,ME,Oxford County,31201
23019,ME,Penobscot County,80540
23021,ME,Piscataquis County,9182
23023,ME,Sagadahoc County,21616
23025,ME,Somerset County,26064
23027,ME,Waldo County,22707
23029,ME,Washington County,16365
23031,ME,York County,114274
50001,VT,Addison County,19031
50003,VT,Bennington County,17381
50005,VT,Caledonia County,14074
50007,VT,Chittenden County,83416
50009,VT,Essex County,2925
50011,VT,Franklin County,21411
50013,VT,Grand Isle County,4109
50015,VT,Lamoille County,12762
50017,VT,Orange County,14649
50019,VT,Orleans County,12046
50021,VT,Rutland County,29615
50023,VT,Washington County,31086
50025,VT,Windham County,22634
50027,VT,Windsor County,29928
26001,MI,Alcona County,6198
26003,MI,Alger County,4518
26005,MI,Allegan County,56120
26007,MI,Alpena County,14768
26009,MI,Antrim County,13667
26011,MI,Arenac County,7729
26013,MI,Baraga County,3518
26015,MI,Barry County,30517
26017,MI,Bay County,53274
26019,MI,Benzie County,10228
26021,MI,Berrien County,72031
26023,MI,Branch County,17663
26025,MI,Calhoun County,58902
26027,MI,Cass County,22595
26029,MI,Charlevoix County,14654
26031,MI,Cheboygan County,13672
26033,MI,Chippewa County,15552
26035,MI,Clare County,13449
26037,MI,Clinton County,40937
26039,MI,Crawford County,6844
26041,MI,Delta County,18594
26043,MI,Dickinson County,13232
26045,MI,Eaton County,56575
26047,MI,Emmet County,18994
26049,MI,Genesee County,197641
26051,MI,Gladwin County,12542
26053,MI,Gogebic County,7383
26055,MI,Grand Traverse County,51985
26057,MI,Gratiot County,16465
26059,MI,Hillsdale County,19940
26061,MI,Houghton County,15761
26063,MI,Huron County,15944
26065,MI,Ingham County,132135
26067,MI,Ionia County,27039
26069,MI,Iosco County,13429
26071,MI,Iron County,5960
26073,MI,Isabella County,25540
26075,MI,Jackson County,70125
26077,MI,Kalamazoo County,126299
26079,MI,Kalkaska County,8833
26081,MI,Kent County,310894
26083,MI,Keweenaw County,1434
26085,MI,Lake County,5358
26087,MI,Lapeer County,45183
26089,MI,Leelanau County,14892
26091,MI,Lenawee County,46298
26093,MI,Livingston County,106489
26095,MI,Luce County,2591
26097,MI,Mackinac County,6144
26099,MI,Macomb County,419312
26101,MI,Manistee County,12660
26103,MI,Marquette County,33218
26105,MI,Mason County,14792
26107,MI,Mecosta County,17259
26109,MI,Menominee County,10824
26111,MI,Midland County,42776
26113,MI,Missaukee County,7317
26115,MI,Monroe County,74655
26117,MI,Montcalm County,26760
26119,MI,Montmorency County,5032
26121,MI,Muskegon County,78723
26123,MI,Newaygo County,22782
26125,MI,Oakland County,668925
26127,MI,Oceana County,11930
26129,MI,Ogemaw County,10440
26131,MI,Ontonagon County,3433
26133,MI,Osceola County,10609
26135,MI,Oscoda County,4092
26137,MI,Otsego County,12610
26139,MI,Ottawa County,143848
26141,MI,Presque Isle County,7257
26143,MI,Roscommon County,13096
26145,MI,Saginaw County,94780
26147,MI,St. Clair County,78003
26149,MI,St. Joseph County,23967
26151,MI,Sanilac County,19249
26153,MI,Schoolcraft County,4177
26155,MI,Shiawassee County,34111
26157,MI,Tuscola County,25928
26159,MI,Van Buren County,33274
26161,MI,Washtenaw County,190079
26163,MI,Wayne County,782719
26165,MI,Wexford County,15370
53001,WA,Adams County,4782
53003,WA,Asotin County,9974
53005,WA,Benton County,83592
53007,WA,Chelan County,34433
53009,WA,Clallam County,40533
53011,WA,Clark County,208485
53013,WA,Columbia County,2229
53015,WA,Cowlitz County,47142
53017,WA,Douglas County,15901
53019,WA,Ferry County,3644
53021,WA,Franklin County,24614
53023,WA,Garfield County,1266
53025,WA,Grant County,29258
53027,WA,Grays Harbor County,29301
53029,WA,Island County,44273
53031,WA,Jefferson County,20879
53033,WA,King County,1028450
53035,WA,Kitsap County,128770
53037,WA,Kittitas County,19615
53039,WA,Klickitat County,11074
53041,WA,Lewis County,35199
53043,WA,Lincoln County,5861
53045,WA,Mason County,29003
53047,WA,Okanogan County,17556
53049,WA,Pacific County,10972
53051,WA,Pend Oreille County,7016
53053,WA,Pierce County,360017
53055,WA,San Juan County,11134
53057,WA,Skagit County,58059
53059,WA,Skamania County,5829
53061,WA,Snohomish County,354734
53063,WA,Spokane County,236050
53065,WA,Stevens County,23395
53067,WA,Thurston County,134191
53069,WA,Wahkiakum County,2429
53071,WA,Walla Walla County,26228
53073,WA,Whatcom County,113339
53075,WA,Whitman County,18028
53077,WA,Yakima County,79741
27001,MN,Aitkin County,9231
27003,MN,Anoka County,185758
27005,MN,Becker County,17222
27007,MN,Beltrami County,21564
27009,MN,Benton County,20058
27011,MN,Big Stone County,2755
27013,MN,Blue Earth County,33593
27015,MN,Brown County,13779
27017,MN,Carlton County,18211
27019,MN,Carver County,55696
27021,MN,Cass County,15999
27023,MN,Chippewa County,6222
27025,MN,Chisago County,30228
27027,MN,Clay County,29398
27029,MN,Clearwater County,4245
27031,MN,Cook County,3395
27033,MN,Cottonwood County,5721
27035,MN,Crow Wing County,35842
27037,MN,Dakota County,231860
27039,MN,Dodge County,10654
27041,MN,Douglas County,21785
27043,MN,Faribault County,7412
27045,MN,Fillmore County,11055
27047,MN,Freeborn County,16051
27049,MN,Goodhue County,25717
27051,MN,Grant County,3473
27053,MN,Hennepin County,679977
27055,MN,Houston County,10604
27057,MN,Hubbard County,11505
27059,MN,Isanti County,21016
27061,MN,Itasca County,23880
27063,MN,Jackson County,5484
27065,MN,Kanabec County,8177
27067,MN,Kandiyohi County,21772
27069,MN,Kittson County,2385
27071,MN,Koochiching County,6363
27073,MN,Lac Qui Parle County,3860
27075,MN,Lake County,6521
27077,MN,Lake of the Woods County,2242
27079,MN,Le Sueur County,14971
27081,MN,Lincoln County,3019
27083,MN,Lyon County,12215
27085,MN,McLeod County,18807
27087,MN,Mahnomen County,2088
27089,MN,Marshall County,4817
27091,MN,Martin County,10531
27093,MN,Meeker County,12282
27095,MN,Mille Lacs County,13017
27097,MN,Morrison County,17614
27099,MN,Mower County,17715
27101,MN,Murray County,4668
27103,MN,Nicollet County,18097
27105,MN,Nobles County,8632
27107,MN,Norman County,3261
27109,MN,Olmsted County,80129
27111,MN,Otter Tail County,32500
27113,MN,Pennington County,6715
27115,MN,Pine County,13811
27117,MN,Pipestone County,4808
27119,MN,Polk County,14796
27121,MN,Pope County,6319
27123,MN,Ramsey County,273143
27125,MN,Red Lake County,1881
27127,MN,Redwood County,7611
27129,MN,Renville County,7606
27131,MN,Rice County,32443
27133,MN,Rock County,4839
27135,MN,Roseau County,7804
27137,MN,St. Louis County,112422
27139,MN,Scott County,75029
27141,MN,Sherburne County,48283
27143,MN,Sibley County,7774
27145,MN,Stearns County,79592
27147,MN,Steele County,19179
27149,MN,Stevens County,5398
27151,MN,Swift County,4994
27153,MN,Todd County,11993
27155,MN,Traverse County,1798
27157,MN,Wabasha County,11832
27159,MN,Wadena County,6934
27161,MN,Waseca County,9653
27163,MN,Washington County,144235
27165,MN,Watonwan County,4998
27167,MN,Wilkin County,3302
27169,MN,Winona County,26074
27171,MN,Wright County,69618
27173,MN,Yellow Medicine County,5276
55001,WI,Adams County,10130
55003,WI,Ashland County,8032
55005,WI,Barron County,22671
55007,WI,Bayfield County,9612
55009,WI,Brown County,129011
55011,WI,Buffalo County,6981
55013,WI,Burnett County,8738
55015,WI,Calumet County,26595
55017,WI,Chippewa County,31568
55019,WI,Clark County,13673
55021,WI,Columbia County,29698
55023,WI,Crawford County,7728
55025,WI,Dane County,309354
55027,WI,Dodge County,43078
55029,WI,Door County,17592
55031,WI,Douglas County,22536
55033,WI,Dunn County,22106
55035,WI,Eau Claire County,55025
55037,WI,Florence County,2656
55039,WI,Fond du Lac County,51796
55041,WI,Forest County,4545
55043,WI,Grant County,24368
55045,WI,Green County,18985
55047,WI,Green Lake County,9416
55049,WI,Iowa County,12275
55051,WI,Iron County,3513
55053,WI,Jackson County,9267
55055,WI,Jefferson County,43109
55057,WI,Juneau County,11735
55059,WI,Kenosha County,76304
55061,WI,Kewaunee County,10767
55063,WI,La Crosse County,63674
55065,WI,Lafayette County,7662
55067,WI,Langlade County,10186
55069,WI,Lincoln County,14712
55071,WI,Manitowoc County,40786
55073,WI,Marathon County,69518
55075,WI,Marinette County,20343
55077,WI,Marquette County,7891
55078,WI,Menominee County,1308
55079,WI,Milwaukee County,441053
55081,WI,Monroe County,19699
55083,WI,Oconto County,20206
55085,WI,Oneida County,21531
55087,WI,Outagamie County,93933
55089,WI,Ozaukee County,54560
55091,WI,Pepin County,3735
55093,WI,Pierce County,21376
55095,WI,Polk County,22745
55097,WI,Portage County,38589
55099,WI,Price County,7568
55101,WI,Racine County,94302
55103,WI,Richland County,8069
55105,WI,Rock County,76074
55107,WI,Rusk County,7088
55109,WI,St. Croix County,47508
55111,WI,Sauk County,31357
55113,WI,Sawyer County,9137
55115,WI,Shawano County,19810
55117,WI,Sheboygan County,59766
55119,WI,Taylor County,9471
55121,WI,Trempealeau County,13687
55123,WI,Vernon County,14275
55125,WI,Vilas County,13611
55127,WI,Walworth County,51391
55129,WI,Washburn County,9193
55131,WI,Washington County,76757
55133,WI,Waukesha County,237593
55135,WI,Waupaca County,26095
55137,WI,Waushara County,12074
55139,WI,Winnebago County,87135
55141,WI,Wood County,37818
29001,MO,Adair County,10226
29003,MO,Andrew County,9194
29005,MO,Atchison County,2730
29007,MO,Audrain County,10133
29009,MO,Barry County,14605
29011,MO,Barton County,5939
29013,MO,Bates County,8083
29015,MO,Benton County,9590
29017,MO,Bollinger County,5676
29019,MO,Boone County,83868
29021,MO,Buchanan County,35964
29023,MO,Butler County,17259
29025,MO,Caldwell County,4312
29027,MO,Callaway County,19333
29029,MO,Camden County,22680
29031,MO,Cape Girardeau County,37311
29033,MO,Carroll County,4361
29035,MO,Carter County,2850
29037,MO,Cass County,51410
29039,MO,Cedar County,6327
29041,MO,Chariton County,3969
29043,MO,Christian County,41863
29045,MO,Clark County,3316
29047,MO,Clay County,111170
29049,MO,Clinton County,10301
29051,MO,Cole County,37656
29053,MO,Cooper County,7986
29055,MO,Crawford County,9920
29057,MO,Dade County,3951
29059,MO,Dallas County,7453
29061,MO,Daviess County,3738
29063,MO,DeKalb County,4626
29065,MO,Dent County,6791
29067,MO,Douglas County,6666
29069,MO,Dunklin County,10578
29071,MO,Franklin County,50472
29073,MO,Gasconade County,7451
29075,MO,Gentry County,3043
29077,MO,Greene County,130523
29079,MO,Grundy County,4428
29081,MO,Harrison County,3689
29083,MO,Henry County,9912
29085,MO,Hickory County,4761
29087,MO,Holt County,2355
29089,MO,Howard County,4868
29091,MO,Howell County,17455
29093,MO,Iron County,4269
29095,MO,Jackson County,304687
29097,MO,Jasper County,48326
29099,MO,Jefferson County,106995
29101,MO,Johnson County,21362
29103,MO,Knox County,1870
29105,MO,Laclede County,16140
29107,MO,Lafayette County,15975
29109,MO,Lawrence County,16811
29111,MO,Lewis County,4480
29113,MO,Lincoln County,25114
29115,MO,Linn County,5587
29117,MO,Livingston County,6421
29119,MO,McDonald County,8302
29121,MO,Macon County,7631
29123,MO,Madison County,5321
29125,MO,Maries County,4500
29127,MO,Marion County,12938
29129,MO,Mercer County,1745
29131,MO,Miller County,11482
29133,MO,Mississippi County,5169
29135,MO,Moniteau County,6830
29137,MO,Monroe County,4156
29139,MO,Montgomery County,5429
29141,MO,Morgan County,8821
29143,MO,New Madrid County,7357
29145,MO,Newton County,26807
29147,MO,Nodaway County,9458
29149,MO,Oregon County,4668
29151,MO,Osage County,7090
29153,MO,Ozark County,4505
29155,MO,Pemiscot County,6043
29157,MO,Perry County,8740
29159,MO,Pettis County,18204
29161,MO,Phelps County,18713
29163,MO,Pike County,7428
29165,MO,Platte County,49608
29167,MO,Polk County,13763
29169,MO,Pulaski County,13582
29171,MO,Putnam County,2346
29173,MO,Ralls County,5294
29175,MO,Randolph County,10408
29177,MO,Ray County,10945
29179,MO,Reynolds County,3038
29181,MO,Ripley County,5524
29183,MO,St. Charles County,203184
29185,MO,St. Clair County,4630
29186,MO,Ste. Genevieve County,8512
29187,MO,St. Francois County,24920
29189,MO,St. Louis County,519686
29195,MO,Saline County,9274
29197,MO,Schuyler County,1936
29199,MO,Scotland County,1981
29201,MO,Scott County,17337
29203,MO,Shannon County,3904
29205,MO,Shelby County,3274
29207,MO,Stoddard County,13291
29209,MO,Stone County,16645
29211,MO,Sullivan County,2486
29213,MO,Taney County,23673
29215,MO,Texas County,10956
29217,MO,Vernon County,8631
29219,MO,Warren County,15784
29221,MO,Washington County,9331
29223,MO,Wayne County,5762
29225,MO,Webster County,16743
29227,MO,Worth County,1046
29229,MO,Wright County,8119
29189,MO,St. Louis County,132487
54001,WV,Barbour County,6116
54003,WV,Berkeley County,43364
54005,WV,Boone County,8779
54007,WV,Braxton County,5100
54009,WV,Brooke County,9696
54011,WV,Cabell County,33585
54013,WV,Calhoun County,2638
54015,WV,Clay County,2995
54017,WV,Doddridge County,2863
54019,WV,Fayette County,15478
54021,WV,Gilmer County,2579
54023,WV,Grant County,4965
54025,WV,Greenbrier County,14224
54027,WV,Hampshire County,8679
54029,WV,Hancock County,12802
54031,WV,Hardy County,5674
54033,WV,Harrison County,28351
54035,WV,Jackson County,12304
54037,WV,Jefferson County,24508
54039,WV,Kanawha County,76888
54041,WV,Lewis County,6936
54043,WV,Lincoln County,7137
54045,WV,Logan County,12440
54047,WV,McDowell County,6246
54049,WV,Marion County,23364
54051,WV,Marshall County,13351
54053,WV,Mason County,10269
54055,WV,Mercer County,23197
54057,WV,Mineral County,11671
54059,WV,Mingo County,9512
54061,WV,Monongalia County,36764
54063,WV,Monroe County,5852
54065,WV,Morgan County,7737
54067,WV,Nicholas County,9579
54069,WV,Ohio County,18214
54071,WV,Pendleton County,3254
54073,WV,Pleasants County,3179
54075,WV,Pocahontas County,3675
54077,WV,Preston County,12764
54079,WV,Putnam County,25211
54081,WV,Raleigh County,29892
54083,WV,Randolph County,10969
54085,WV,Ritchie County,4105
54087,WV,Roane County,5315
54089,WV,Summers County,4893
54091,WV,Taylor County,6593
54093,WV,Tucker County,3501
54095,WV,Tyler County,3692
54097,WV,Upshur County,9298
54099,WV,Wayne County,15347
54101,WV,Webster County,3011
54103,WV,Wetzel County,6312
54105,WV,Wirt County,2422
54107,WV,Wood County,36063
54109,WV,Wyoming County,7880
56001,WY,Albany County,17060
56003,WY,Big Horn County,5317
56005,WY,Campbell County,18199
56007,WY,Carbon County,6374
56009,WY,Converse County,6654
56011,WY,Crook County,3826
56013,WY,Fremont County,17023
56015,WY,Goshen County,5796
56017,WY,Hot Springs County,2586
56019,WY,Johnson County,4417
56021,WY,Laramie County,40969
56023,WY,Lincoln County,8875
56025,WY,Natrona County,33348
56027,WY,Niobrara County,1314
56029,WY,Park County,15095
56031,WY,Platte County,4529
56033,WY,Sheridan County,14510
56035,WY,Sublette County,4390
56037,WY,Sweetwater County,17130
56039,WY,Teton County,12627
56041,WY,Uinta County,8470
56043,WY,Washakie County,3814
56045,WY,Weston County,3526
